/******************************************************************************
 * The MIT License (MIT)
 *
 * Copyright (c) 2014-2026 Baldur Karlsson
 *
 * Permission is hereby granted, free of charge, to any person obtaining a copy
 * of this software and associated documentation files (the "Software"), to deal
 * in the Software without restriction, including without limitation the rights
 * to use, copy, modify, merge, publish, distribute, sublicense, and/or sell
 * copies of the Software, and to permit persons to whom the Software is
 * furnished to do so, subject to the following conditions:
 *
 * The above copyright notice and this permission notice shall be included in
 * all copies or substantial portions of the Software.
 *
 * THE SOFTWARE IS PROVIDED "AS IS", WITHOUT WARRANTY OF ANY KIND, EXPRESS OR
 * IMPLIED, INCLUDING BUT NOT LIMITED TO THE WARRANTIES OF MERCHANTABILITY,
 * FITNESS FOR A PARTICULAR PURPOSE AND NONINFRINGEMENT. IN NO EVENT SHALL THE
 * AUTHORS OR COPYRIGHT HOLDERS BE LIABLE FOR ANY CLAIM, DAMAGES OR OTHER
 * LIABILITY, WHETHER IN AN ACTION OF CONTRACT, TORT OR OTHERWISE, ARISING FROM,
 * OUT OF OR IN CONNECTION WITH THE SOFTWARE OR THE USE OR OTHER DEALINGS IN
 * THE SOFTWARE.
 ******************************************************************************/

#pragma once

#include <cstddef>

// Embedded vulnerable driver images. Regenerate with
//   python util/buildscripts/scripts/gen_driver_resource.py <input_dir> <output>

// 16848 bytes, generated by util/buildscripts/scripts/gen_driver_resource.py
static const unsigned char portwell_driver_bytes[] = {
  0x4D, 0x5A, 0x90, 0x00, 0x03, 0x00, 0x00, 0x00, 0x04, 0x00, 0x00, 0x00, 0xFF, 0xFF, 0x00, 0x00,
  0xB8, 0x00, 0x00, 0x00, 0x00, 0x00, 0x00, 0x00, 0x40, 0x00, 0x00, 0x00, 0x00, 0x00, 0x00, 0x00,
  0x00, 0x00, 0x00, 0x00, 0x00, 0x00, 0x00, 0x00, 0x00, 0x00, 0x00, 0x00, 0x00, 0x00, 0x00, 0x00,
  0x00, 0x00, 0x00, 0x00, 0x00, 0x00, 0x00, 0x00, 0x00, 0x00, 0x00, 0x00, 0xD8, 0x00, 0x00, 0x00,
  0x0E, 0x1F, 0xBA, 0x0E, 0x00, 0xB4, 0x09, 0xCD, 0x21, 0xB8, 0x01, 0x4C, 0xCD, 0x21, 0x54, 0x68,
  0x69, 0x73, 0x20, 0x70, 0x72, 0x6F, 0x67, 0x72, 0x61, 0x6D, 0x20, 0x63, 0x61, 0x6E, 0x6E, 0x6F,
  0x74, 0x20, 0x62, 0x65, 0x20, 0x72, 0x75, 0x6E, 0x20, 0x69, 0x6E, 0x20, 0x44, 0x4F, 0x53, 0x20,
  0x6D, 0x6F, 0x64, 0x65, 0x2E, 0x0D, 0x0D, 0x0A, 0x24, 0x00, 0x00, 0x00, 0x00, 0x00, 0x00, 0x00,
  0x95, 0xD4, 0x0D, 0xB0, 0xD1, 0xB5, 0x63, 0xE3, 0xD1, 0xB5, 0x63, 0xE3, 0xD1, 0xB5, 0x63, 0xE3,
  0xD1, 0xB5, 0x62, 0xE3, 0xDF, 0xB5, 0x63, 0xE3, 0xD8, 0xCD, 0xF0, 0xE3, 0xD4, 0xB5, 0x63, 0xE3,
  0xD8, 0xCD, 0xF6, 0xE3, 0xD0, 0xB5, 0x63, 0xE3, 0xD8, 0xCD, 0xE0, 0xE3, 0xD2, 0xB5, 0x63, 0xE3,
  0xD8, 0xCD, 0xEA, 0xE3, 0xD0, 0xB5, 0x63, 0xE3, 0xD8, 0xCD, 0xF7, 0xE3, 0xD0, 0xB5, 0x63, 0xE3,
  0xD8, 0xCD, 0xF2, 0xE3, 0xD0, 0xB5, 0x63, 0xE3, 0x52, 0x69, 0x63, 0x68, 0xD1, 0xB5, 0x63, 0xE3,
  0x00, 0x00, 0x00, 0x00, 0x00, 0x00, 0x00, 0x00, 0x50, 0x45, 0x00, 0x00, 0x64, 0x86, 0x06, 0x00,
  0x72, 0x31, 0x5B, 0x4D, 0x00, 0x00, 0x00, 0x00, 0x00, 0x00, 0x00, 0x00, 0xF0, 0x00, 0x22, 0x00,
  0x0B, 0x02, 0x09, 0x00, 0x00, 0x18, 0x00, 0x00, 0x00, 0x0A, 0x00, 0x00, 0x00, 0x00, 0x00, 0x00,
  0x64, 0x60, 0x00, 0x00, 0x00, 0x10, 0x00, 0x00, 0x00, 0x00, 0x01, 0x00, 0x00, 0x00, 0x00, 0x00,
  0x00, 0x10, 0x00, 0x00, 0x00, 0x02, 0x00, 0x00, 0x06, 0x00, 0x01, 0x00, 0x06, 0x00, 0x01, 0x00,
  0x06, 0x00, 0x01, 0x00, 0x00, 0x00, 0x00, 0x00, 0x00, 0x80, 0x00, 0x00, 0x00, 0x04, 0x00, 0x00,
  0xB7, 0xC1, 0x00, 0x00, 0x01, 0x00, 0x00, 0x00, 0x00, 0x00, 0x04, 0x00, 0x00, 0x00, 0x00, 0x00,
  0x00, 0x10, 0x00, 0x00, 0x00, 0x00, 0x00, 0x00, 0x00, 0x00, 0x10, 0x00, 0x00, 0x00, 0x00, 0x00,
  0x00, 0x10, 0x00, 0x00, 0x00, 0x00, 0x00, 0x00, 0x00, 0x00, 0x00, 0x00, 0x10, 0x00, 0x00, 0x00,
  0x00, 0x00, 0x00, 0x00, 0x00, 0x00, 0x00, 0x00, 0x84, 0x60, 0x00, 0x00, 0x3C, 0x00, 0x00, 0x00,
  0x00, 0x70, 0x00, 0x00, 0xA8, 0x03, 0x00, 0x00, 0x00, 0x50, 0x00, 0x00, 0x44, 0x01, 0x00, 0x00,
  0x00, 0x26, 0x00, 0x00, 0xD0, 0x1B, 0x00, 0x00, 0x00, 0x00, 0x00, 0x00, 0x00, 0x00, 0x00, 0x00,
  0x80, 0x30, 0x00, 0x00, 0x1C, 0x00, 0x00, 0x00, 0x00, 0x00, 0x00, 0x00, 0x00, 0x00, 0x00, 0x00,
  0x00, 0x00, 0x00, 0x00, 0x00, 0x00, 0x00, 0x00, 0x00, 0x00, 0x00, 0x00, 0x00, 0x00, 0x00, 0x00,
  0x00, 0x00, 0x00, 0x00, 0x00, 0x00, 0x00, 0x00, 0x00, 0x00, 0x00, 0x00, 0x00, 0x00, 0x00, 0x00,
  0x00, 0x30, 0x00, 0x00, 0x80, 0x00, 0x00, 0x00, 0x00, 0x00, 0x00, 0x00, 0x00, 0x00, 0x00, 0x00,
  0x00, 0x00, 0x00, 0x00, 0x00, 0x00, 0x00, 0x00, 0x00, 0x00, 0x00, 0x00, 0x00, 0x00, 0x00, 0x00,
  0x2E, 0x74, 0x65, 0x78, 0x74, 0x00, 0x00, 0x00, 0x75, 0x12, 0x00, 0x00, 0x00, 0x10, 0x00, 0x00,
  0x00, 0x14, 0x00, 0x00, 0x00, 0x04, 0x00, 0x00, 0x00, 0x00, 0x00, 0x00, 0x00, 0x00, 0x00, 0x00,
  0x00, 0x00, 0x00, 0x00, 0x20, 0x00, 0x00, 0x68, 0x2E, 0x72, 0x64, 0x61, 0x74, 0x61, 0x00, 0x00,
  0xC0, 0x01, 0x00, 0x00, 0x00, 0x30, 0x00, 0x00, 0x00, 0x02, 0x00, 0x00, 0x00, 0x18, 0x00, 0x00,
  0x00, 0x00, 0x00, 0x00, 0x00, 0x00, 0x00, 0x00, 0x00, 0x00, 0x00, 0x00, 0x40, 0x00, 0x00, 0x48,
  0x2E, 0x64, 0x61, 0x74, 0x61, 0x00, 0x00, 0x00, 0x14, 0x01, 0x00, 0x00, 0x00, 0x40, 0x00, 0x00,
  0x00, 0x02, 0x00, 0x00, 0x00, 0x1A, 0x00, 0x00, 0x00, 0x00, 0x00, 0x00, 0x00, 0x00, 0x00, 0x00,
  0x00, 0x00, 0x00, 0x00, 0x40, 0x00, 0x00, 0xC8, 0x2E, 0x70, 0x64, 0x61, 0x74, 0x61, 0x00, 0x00,
  0x44, 0x01, 0x00, 0x00, 0x00, 0x50, 0x00, 0x00, 0x00, 0x02, 0x00, 0x00, 0x00, 0x1C, 0x00, 0x00,
  0x00, 0x00, 0x00, 0x00, 0x00, 0x00, 0x00, 0x00, 0x00, 0x00, 0x00, 0x00, 0x40, 0x00, 0x00, 0x48,
  0x49, 0x4E, 0x49, 0x54, 0x00, 0x00, 0x00, 0x00, 0x6A, 0x02, 0x00, 0x00, 0x00, 0x60, 0x00, 0x00,
  0x00, 0x04, 0x00, 0x00, 0x00, 0x1E, 0x00, 0x00, 0x00, 0x00, 0x00, 0x00, 0x00, 0x00, 0x00, 0x00,
  0x00, 0x00, 0x00, 0x00, 0x20, 0x00, 0x00, 0xE2, 0x2E, 0x72, 0x73, 0x72, 0x63, 0x00, 0x00, 0x00,
  0xA8, 0x03, 0x00, 0x00, 0x00, 0x70, 0x00, 0x00, 0x00, 0x04, 0x00, 0x00, 0x00, 0x22, 0x00, 0x00,
  0x00, 0x00, 0x00, 0x00, 0x00, 0x00, 0x00, 0x00, 0x00, 0x00, 0x00, 0x00, 0x40, 0x00, 0x00, 0x42,
  0x00, 0x00, 0x00, 0x00, 0x00, 0x00, 0x00, 0x00, 0x00, 0x00, 0x00, 0x00, 0x00, 0x00, 0x00, 0x00,
  0x00, 0x00, 0x00, 0x00, 0x00, 0x00, 0x00, 0x00, 0x00, 0x00, 0x00, 0x00, 0x00, 0x00, 0x00, 0x00,
  0x00, 0x00, 0x00, 0x00, 0x00, 0x00, 0x00, 0x00, 0x00, 0x00, 0x00, 0x00, 0x00, 0x00, 0x00, 0x00,
  0x00, 0x00, 0x00, 0x00, 0x00, 0x00, 0x00, 0x00, 0x00, 0x00, 0x00, 0x00, 0x00, 0x00, 0x00, 0x00,
  0x00, 0x00, 0x00, 0x00, 0x00, 0x00, 0x00, 0x00, 0x00, 0x00, 0x00, 0x00, 0x00, 0x00, 0x00, 0x00,
  0x00, 0x00, 0x00, 0x00, 0x00, 0x00, 0x00, 0x00, 0x00, 0x00, 0x00, 0x00, 0x00, 0x00, 0x00, 0x00,
  0x00, 0x00, 0x00, 0x00, 0x00, 0x00, 0x00, 0x00, 0x00, 0x00, 0x00, 0x00, 0x00, 0x00, 0x00, 0x00,
  0x00, 0x00, 0x00, 0x00, 0x00, 0x00, 0x00, 0x00, 0x00, 0x00, 0x00, 0x00, 0x00, 0x00, 0x00, 0x00,
  0x00, 0x00, 0x00, 0x00, 0x00, 0x00, 0x00, 0x00, 0x00, 0x00, 0x00, 0x00, 0x00, 0x00, 0x00, 0x00,
  0x00, 0x00, 0x00, 0x00, 0x00, 0x00, 0x00, 0x00, 0x00, 0x00, 0x00, 0x00, 0x00, 0x00, 0x00, 0x00,
  0x00, 0x00, 0x00, 0x00, 0x00, 0x00, 0x00, 0x00, 0x00, 0x00, 0x00, 0x00, 0x00, 0x00, 0x00, 0x00,
  0x00, 0x00, 0x00, 0x00, 0x00, 0x00, 0x00, 0x00, 0x00, 0x00, 0x00, 0x00, 0x00, 0x00, 0x00, 0x00,
  0x00, 0x00, 0x00, 0x00, 0x00, 0x00, 0x00, 0x00, 0x00, 0x00, 0x00, 0x00, 0x00, 0x00, 0x00, 0x00,
  0x00, 0x00, 0x00, 0x00, 0x00, 0x00, 0x00, 0x00, 0x00, 0x00, 0x00, 0x00, 0x00, 0x00, 0x00, 0x00,
  0x00, 0x00, 0x00, 0x00, 0x00, 0x00, 0x00, 0x00, 0x00, 0x00, 0x00, 0x00, 0x00, 0x00, 0x00, 0x00,
  0x00, 0x00, 0x00, 0x00, 0x00, 0x00, 0x00, 0x00, 0x00, 0x00, 0x00, 0x00, 0x00, 0x00, 0x00, 0x00,
  0x00, 0x00, 0x00, 0x00, 0x00, 0x00, 0x00, 0x00, 0x00, 0x00, 0x00, 0x00, 0x00, 0x00, 0x00, 0x00,
  0x00, 0x00, 0x00, 0x00, 0x00, 0x00, 0x00, 0x00, 0x00, 0x00, 0x00, 0x00, 0x00, 0x00, 0x00, 0x00,
  0x00, 0x00, 0x00, 0x00, 0x00, 0x00, 0x00, 0x00, 0x00, 0x00, 0x00, 0x00, 0x00, 0x00, 0x00, 0x00,
  0x00, 0x00, 0x00, 0x00, 0x00, 0x00, 0x00, 0x00, 0x00, 0x00, 0x00, 0x00, 0x00, 0x00, 0x00, 0x00,
  0xCD, 0x2C, 0xC3, 0xCC, 0xCC, 0xCC, 0xCC, 0xCC, 0xCC, 0xCC, 0xCC, 0xCC, 0xCC, 0xCC, 0xCC, 0xCC,
  0x44, 0x89, 0x44, 0x24, 0x18, 0x48, 0x89, 0x54, 0x24, 0x10, 0x48, 0x89, 0x4C, 0x24, 0x08, 0x56,
  0x57, 0x8B, 0x4C, 0x24, 0x28, 0x48, 0x8B, 0x7C, 0x24, 0x20, 0x48, 0x8B, 0x74, 0x24, 0x18, 0xF3,
  0xA4, 0x5F, 0x5E, 0xC3, 0xCC, 0xCC, 0xCC, 0xCC, 0xCC, 0xCC, 0xCC, 0xCC, 0xCC, 0xCC, 0xCC, 0xCC,
  0x44, 0x89, 0x44, 0x24, 0x18, 0x48, 0x89, 0x54, 0x24, 0x10, 0x48, 0x89, 0x4C, 0x24, 0x08, 0x56,
  0x57, 0x8B, 0x4C, 0x24, 0x28, 0x48, 0x8B, 0x7C, 0x24, 0x20, 0x48, 0x8B, 0x74, 0x24, 0x18, 0x66,
  0xF3, 0xA5, 0x5F, 0x5E, 0xC3, 0xCC, 0xCC, 0xCC, 0xCC, 0xCC, 0xCC, 0xCC, 0xCC, 0xCC, 0xCC, 0xCC,
  0x44, 0x89, 0x44, 0x24, 0x18, 0x48, 0x89, 0x54, 0x24, 0x10, 0x48, 0x89, 0x4C, 0x24, 0x08, 0x56,
  0x57, 0x8B, 0x4C, 0x24, 0x28, 0x48, 0x8B, 0x7C, 0x24, 0x20, 0x48, 0x8B, 0x74, 0x24, 0x18, 0xF3,
  0xA5, 0x5F, 0x5E, 0xC3, 0xCC, 0xCC, 0xCC, 0xCC, 0xCC, 0xCC, 0xCC, 0xCC, 0xCC, 0xCC, 0xCC, 0xCC,
  0x44, 0x89, 0x44, 0x24, 0x18, 0x48, 0x89, 0x54, 0x24, 0x10, 0x48, 0x89, 0x4C, 0x24, 0x08, 0x56,
  0x57, 0x8B, 0x4C, 0x24, 0x28, 0x48, 0x8B, 0x7C, 0x24, 0x18, 0x48, 0x8B, 0x74, 0x24, 0x20, 0xF3,
  0xA4, 0xF0, 0x83, 0x0C, 0x24, 0x00, 0x5F, 0x5E, 0xC3, 0xCC, 0xCC, 0xCC, 0xCC, 0xCC, 0xCC, 0xCC,
  0x44, 0x89, 0x44, 0x24, 0x18, 0x48, 0x89, 0x54, 0x24, 0x10, 0x48, 0x89, 0x4C, 0x24, 0x08, 0x56,
  0x57, 0x8B, 0x4C, 0x24, 0x28, 0x48, 0x8B, 0x7C, 0x24, 0x18, 0x48, 0x8B, 0x74, 0x24, 0x20, 0x66,
  0xF3, 0xA5, 0xF0, 0x83, 0x0C, 0x24, 0x00, 0x5F, 0x5E, 0xC3, 0xCC, 0xCC, 0xCC, 0xCC, 0xCC, 0xCC,
  0x44, 0x89, 0x44, 0x24, 0x18, 0x48, 0x89, 0x54, 0x24, 0x10, 0x48, 0x89, 0x4C, 0x24, 0x08, 0x56,
  0x57, 0x8B, 0x4C, 0x24, 0x28, 0x48, 0x8B, 0x7C, 0x24, 0x18, 0x48, 0x8B, 0x74, 0x24, 0x20, 0xF3,
  0xA5, 0xF0, 0x83, 0x0C, 0x24, 0x00, 0x5F, 0x5E, 0xC3, 0xCC, 0xCC, 0xCC, 0xCC, 0xCC, 0xCC, 0xCC,
  0x48, 0x89, 0x4C, 0x24, 0x08, 0x48, 0x83, 0xEC, 0x18, 0x0F, 0xB7, 0x54, 0x24, 0x20, 0xEC, 0x88,
  0x04, 0x24, 0x8A, 0x04, 0x24, 0x48, 0x83, 0xC4, 0x18, 0xC3, 0xCC, 0xCC, 0xCC, 0xCC, 0xCC, 0xCC,
  0x48, 0x89, 0x4C, 0x24, 0x08, 0x48, 0x83, 0xEC, 0x18, 0x0F, 0xB7, 0x54, 0x24, 0x20, 0x66, 0xED,
  0x66, 0x89, 0x04, 0x24, 0x66, 0x8B, 0x04, 0x24, 0x48, 0x83, 0xC4, 0x18, 0xC3, 0xCC, 0xCC, 0xCC,
  0xCC, 0xCC, 0xCC, 0xCC, 0xCC, 0xCC, 0xCC, 0xCC, 0xCC, 0xCC, 0xCC, 0xCC, 0xCC, 0xCC, 0xCC, 0xCC,
  0x48, 0x89, 0x4C, 0x24, 0x08, 0x48, 0x83, 0xEC, 0x18, 0x0F, 0xB7, 0x54, 0x24, 0x20, 0xED, 0x89,
  0x04, 0x24, 0x8B, 0x04, 0x24, 0x48, 0x83, 0xC4, 0x18, 0xC3, 0xCC, 0xCC, 0xCC, 0xCC, 0xCC, 0xCC,
  0x88, 0x54, 0x24, 0x10, 0x48, 0x89, 0x4C, 0x24, 0x08, 0x0F, 0xB7, 0x54, 0x24, 0x08, 0x0F, 0xB6,
  0x44, 0x24, 0x10, 0xEE, 0xC3, 0xCC, 0xCC, 0xCC, 0xCC, 0xCC, 0xCC, 0xCC, 0xCC, 0xCC, 0xCC, 0xCC,
  0x66, 0x89, 0x54, 0x24, 0x10, 0x48, 0x89, 0x4C, 0x24, 0x08, 0x0F, 0xB7, 0x54, 0x24, 0x08, 0x0F,
  0xB7, 0x44, 0x24, 0x10, 0x66, 0xEF, 0xC3, 0xCC, 0xCC, 0xCC, 0xCC, 0xCC, 0xCC, 0xCC, 0xCC, 0xCC,
  0x89, 0x54, 0x24, 0x10, 0x48, 0x89, 0x4C, 0x24, 0x08, 0x0F, 0xB7, 0x54, 0x24, 0x08, 0x8B, 0x44,
  0x24, 0x10, 0xEF, 0xC3, 0xCC, 0xCC, 0xCC, 0xCC, 0xCC, 0xCC, 0xCC, 0xCC, 0xCC, 0xCC, 0xCC, 0xCC,
  0x44, 0x0F, 0x20, 0xC0, 0xC3, 0xCC, 0xCC, 0xCC, 0xCC, 0xCC, 0xCC, 0xCC, 0xCC, 0xCC, 0xCC, 0xCC,
  0x48, 0x89, 0x4C, 0x24, 0x08, 0x48, 0x83, 0xEC, 0x38, 0x48, 0x8B, 0x44, 0x24, 0x40, 0x0F, 0xBE,
  0x48, 0x43, 0x48, 0x8B, 0x44, 0x24, 0x40, 0x0F, 0xBE, 0x40, 0x42, 0x83, 0xC0, 0x01, 0x3B, 0xC8,
  0x7E, 0x27, 0x45, 0x33, 0xC9, 0x41, 0xB8, 0x15, 0x5B, 0x00, 0x00, 0x48, 0x8D, 0x15, 0xFE, 0x0E,
  0x00, 0x00, 0x48, 0x8D, 0x0D, 0x27, 0x0F, 0x00, 0x00, 0xFF, 0x15, 0xE1, 0x1D, 0x00, 0x00, 0xC7,
  0x44, 0x24, 0x20, 0x00, 0x00, 0x00, 0x00, 0xEB, 0x08, 0xC7, 0x44, 0x24, 0x20, 0x01, 0x00, 0x00,
  0x00, 0x48, 0x8B, 0x44, 0x24, 0x40, 0x48, 0x8B, 0x80, 0xB8, 0x00, 0x00, 0x00, 0x48, 0x83, 0xC4,
  0x38, 0xC3, 0xCC, 0xCC, 0xCC, 0xCC, 0xCC, 0xCC, 0xCC, 0xCC, 0xCC, 0xCC, 0xCC, 0xCC, 0xCC, 0xCC,
  0x48, 0x89, 0x54, 0x24, 0x10, 0x48, 0x89, 0x4C, 0x24, 0x08, 0x48, 0x83, 0xEC, 0x78, 0x48, 0xC7,
  0x44, 0x24, 0x50, 0x00, 0x00, 0x00, 0x00, 0x48, 0x8D, 0x15, 0x02, 0x0F, 0x00, 0x00, 0x48, 0x8D,
  0x4C, 0x24, 0x58, 0xFF, 0x15, 0x9F, 0x1D, 0x00, 0x00, 0x4C, 0x8D, 0x5C, 0x24, 0x50, 0x4C, 0x89,
  0x5C, 0x24, 0x30, 0xC6, 0x44, 0x24, 0x28, 0x00, 0xC7, 0x44, 0x24, 0x20, 0x00, 0x01, 0x00, 0x00,
  0x41, 0xB9, 0x60, 0xEA, 0x00, 0x00, 0x4C, 0x8D, 0x44, 0x24, 0x58, 0x33, 0xD2, 0x48, 0x8B, 0x8C,
  0x24, 0x80, 0x00, 0x00, 0x00, 0xFF, 0x15, 0x75, 0x1D, 0x00, 0x00, 0x89, 0x44, 0x24, 0x68, 0x83,
  0x7C, 0x24, 0x68, 0x00, 0x7D, 0x15, 0xC7, 0x05, 0x10, 0x2E, 0x00, 0x00, 0xFF, 0xFF, 0xFF, 0xFF,
  0x8B, 0x44, 0x24, 0x68, 0xE9, 0x9A, 0x00, 0x00, 0x00, 0xEB, 0x0A, 0xC7, 0x05, 0xFB, 0x2D, 0x00,
  0x00, 0x00, 0x00, 0x00, 0x00, 0x48, 0x8B, 0x8C, 0x24, 0x80, 0x00, 0x00, 0x00, 0x48, 0x8D, 0x05,
  0x0C, 0x01, 0x00, 0x00, 0x48, 0x89, 0x81, 0xE0, 0x00, 0x00, 0x00, 0x48, 0x8B, 0x8C, 0x24, 0x80,
  0x00, 0x00, 0x00, 0x48, 0x8D, 0x05, 0xF6, 0x00, 0x00, 0x00, 0x48, 0x89, 0x41, 0x70, 0x48, 0x8B,
  0x8C, 0x24, 0x80, 0x00, 0x00, 0x00, 0x48, 0x8D, 0x05, 0xE3, 0x00, 0x00, 0x00, 0x48, 0x89, 0x81,
  0x80, 0x00, 0x00, 0x00, 0x48, 0x8B, 0x8C, 0x24, 0x80, 0x00, 0x00, 0x00, 0x48, 0x8D, 0x05, 0x4D,
  0x00, 0x00, 0x00, 0x48, 0x89, 0x41, 0x68, 0x48, 0x8D, 0x15, 0x72, 0x0E, 0x00, 0x00, 0x48, 0x8D,
  0x4C, 0x24, 0x40, 0xFF, 0x15, 0xDF, 0x1C, 0x00, 0x00, 0x48, 0x8D, 0x54, 0x24, 0x58, 0x48, 0x8D,
  0x4C, 0x24, 0x40, 0xFF, 0x15, 0xA7, 0x1C, 0x00, 0x00, 0x89, 0x44, 0x24, 0x68, 0x83, 0x7C, 0x24,
  0x68, 0x00, 0x7D, 0x0B, 0x48, 0x8B, 0x4C, 0x24, 0x50, 0xFF, 0x15, 0x99, 0x1C, 0x00, 0x00, 0x8B,
  0x44, 0x24, 0x68, 0x48, 0x83, 0xC4, 0x78, 0xC3, 0xCC, 0xCC, 0xCC, 0xCC, 0xCC, 0xCC, 0xCC, 0xCC,
  0x48, 0x89, 0x4C, 0x24, 0x08, 0x48, 0x83, 0xEC, 0x48, 0x48, 0x8B, 0x44, 0x24, 0x50, 0x48, 0x8B,
  0x40, 0x08, 0x48, 0x89, 0x44, 0x24, 0x20, 0xE8, 0x44, 0xFE, 0xFF, 0xFF, 0x0F, 0xB6, 0xC0, 0x83,
  0xF8, 0x01, 0x7E, 0x19, 0xE8, 0x37, 0xFE, 0xFF, 0xFF, 0x0F, 0xB6, 0xD0, 0x48, 0x8D, 0x0D, 0x3D,
  0x0E, 0x00, 0x00, 0xE8, 0x4E, 0x0D, 0x00, 0x00, 0xE8, 0x23, 0xFC, 0xFF, 0xFF, 0x48, 0x8D, 0x15,
  0xEC, 0x0D, 0x00, 0x00, 0x48, 0x8D, 0x4C, 0x24, 0x28, 0xFF, 0x15, 0x59, 0x1C, 0x00, 0x00, 0x48,
  0x8D, 0x4C, 0x24, 0x28, 0xFF, 0x15, 0x5E, 0x1C, 0x00, 0x00, 0x48, 0x83, 0x7C, 0x24, 0x20, 0x00,
  0x74, 0x0B, 0x48, 0x8B, 0x4C, 0x24, 0x20, 0xFF, 0x15, 0x1B, 0x1C, 0x00, 0x00, 0x48, 0x83, 0xC4,
  0x48, 0xC3, 0xCC, 0xCC, 0xCC, 0xCC, 0xCC, 0xCC, 0xCC, 0xCC, 0xCC, 0xCC, 0xCC, 0xCC, 0xCC, 0xCC,
  0x48, 0x89, 0x54, 0x24, 0x10, 0x48, 0x89, 0x4C, 0x24, 0x08, 0x48, 0x83, 0xEC, 0x58, 0x48, 0x8B,
  0x44, 0x24, 0x68, 0x48, 0xC7, 0x40, 0x38, 0x00, 0x00, 0x00, 0x00, 0x48, 0x8B, 0x4C, 0x24, 0x68,
  0xE8, 0xCB, 0xFD, 0xFF, 0xFF, 0x48, 0x89, 0x44, 0x24, 0x30, 0xC7, 0x44, 0x24, 0x3C, 0x02, 0x00,
  0x00, 0xC0, 0x48, 0x8B, 0x44, 0x24, 0x30, 0x8A, 0x00, 0x88, 0x44, 0x24, 0x40, 0x80, 0x7C, 0x24,
  0x40, 0x00, 0x0F, 0x84, 0xF5, 0x03, 0x00, 0x00, 0x80, 0x7C, 0x24, 0x40, 0x02, 0x0F, 0x84, 0x0C,
  0x04, 0x00, 0x00, 0x80, 0x7C, 0x24, 0x40, 0x0E, 0x74, 0x05, 0xE9, 0x20, 0x04, 0x00, 0x00, 0x48,
  0x8B, 0x44, 0x24, 0x30, 0x8B, 0x40, 0x18, 0x89, 0x44, 0x24, 0x44, 0x81, 0x7C, 0x24, 0x44, 0x40,
  0x64, 0x60, 0xEA, 0x0F, 0x87, 0xA0, 0x00, 0x00, 0x00, 0x81, 0x7C, 0x24, 0x44, 0x40, 0x64, 0x60,
  0xEA, 0x0F, 0x84, 0x0E, 0x01, 0x00, 0x00, 0x81, 0x7C, 0x24, 0x44, 0x10, 0x24, 0x60, 0xEA, 0x77,
  0x4B, 0x81, 0x7C, 0x24, 0x44, 0x10, 0x24, 0x60, 0xEA, 0x0F, 0x84, 0x5E, 0x02, 0x00, 0x00, 0x81,
  0x7C, 0x24, 0x44, 0x00, 0x24, 0x60, 0xEA, 0x0F, 0x84, 0x7E, 0x01, 0x00, 0x00, 0x81, 0x7C, 0x24,
  0x44, 0x04, 0x24, 0x60, 0xEA, 0x0F, 0x84, 0x99, 0x01, 0x00, 0x00, 0x81, 0x7C, 0x24, 0x44, 0x08,
  0x24, 0x60, 0xEA, 0x0F, 0x84, 0xB6, 0x01, 0x00, 0x00, 0x81, 0x7C, 0x24, 0x44, 0x0C, 0x24, 0x60,
  0xEA, 0x0F, 0x84, 0xE7, 0x01, 0x00, 0x00, 0xE9, 0x5F, 0x03, 0x00, 0x00, 0x81, 0x7C, 0x24, 0x44,
  0x14, 0x24, 0x60, 0xEA, 0x0F, 0x84, 0x52, 0x02, 0x00, 0x00, 0x81, 0x7C, 0x24, 0x44, 0x18, 0x64,
  0x60, 0xEA, 0x0F, 0x84, 0x9D, 0x00, 0x00, 0x00, 0x81, 0x7C, 0x24, 0x44, 0x20, 0x64, 0x60, 0xEA,
  0x0F, 0x84, 0x8F, 0x00, 0x00, 0x00, 0x81, 0x7C, 0x24, 0x44, 0x24, 0x64, 0x60, 0xEA, 0x0F, 0x84,
  0x81, 0x00, 0x00, 0x00, 0xE9, 0x22, 0x03, 0x00, 0x00, 0x81, 0x7C, 0x24, 0x44, 0x48, 0xA4, 0x60,
  0xEA, 0x77, 0x47, 0x81, 0x7C, 0x24, 0x44, 0x48, 0xA4, 0x60, 0xEA, 0x0F, 0x84, 0xAF, 0x00, 0x00,
  0x00, 0x81, 0x7C, 0x24, 0x44, 0x50, 0x64, 0x60, 0xEA, 0x0F, 0x84, 0x86, 0x02, 0x00, 0x00, 0x81,
  0x7C, 0x24, 0x44, 0x58, 0x64, 0x60, 0xEA, 0x0F, 0x84, 0xFD, 0x01, 0x00, 0x00, 0x81, 0x7C, 0x24,
  0x44, 0x1C, 0xA4, 0x60, 0xEA, 0x0F, 0x84, 0x85, 0x00, 0x00, 0x00, 0x81, 0x7C, 0x24, 0x44, 0x44,
  0xA4, 0x60, 0xEA, 0x74, 0x7B, 0xE9, 0xD1, 0x02, 0x00, 0x00, 0x81, 0x7C, 0x24, 0x44, 0x4C, 0xA4,
  0x60, 0xEA, 0x74, 0x6C, 0x81, 0x7C, 0x24, 0x44, 0x54, 0xA4, 0x60, 0xEA, 0x0F, 0x84, 0x7F, 0x02,
  0x00, 0x00, 0x81, 0x7C, 0x24, 0x44, 0x5C, 0xA4, 0x60, 0xEA, 0x0F, 0x84, 0xF9, 0x01, 0x00, 0x00,
  0xE9, 0xA6, 0x02, 0x00, 0x00, 0x48, 0x8B, 0x44, 0x24, 0x68, 0x48, 0x83, 0xC0, 0x38, 0x48, 0x89,
  0x44, 0x24, 0x28, 0x48, 0x8B, 0x44, 0x24, 0x30, 0x8B, 0x40, 0x08, 0x89, 0x44, 0x24, 0x20, 0x4C,
  0x8B, 0x4C, 0x24, 0x68, 0x4D, 0x8B, 0x49, 0x18, 0x48, 0x8B, 0x44, 0x24, 0x30, 0x44, 0x8B, 0x40,
  0x10, 0x48, 0x8B, 0x54, 0x24, 0x68, 0x48, 0x8B, 0x52, 0x18, 0x48, 0x8B, 0x44, 0x24, 0x30, 0x8B,
  0x48, 0x18, 0xE8, 0xD9, 0x02, 0x00, 0x00, 0x89, 0x44, 0x24, 0x3C, 0xE9, 0x5B, 0x02, 0x00, 0x00,
  0x48, 0x8B, 0x44, 0x24, 0x68, 0x48, 0x83, 0xC0, 0x38, 0x48, 0x89, 0x44, 0x24, 0x28, 0x48, 0x8B,
  0x44, 0x24, 0x30, 0x8B, 0x40, 0x08, 0x89, 0x44, 0x24, 0x20, 0x4C, 0x8B, 0x4C, 0x24, 0x68, 0x4D,
  0x8B, 0x49, 0x18, 0x48, 0x8B, 0x44, 0x24, 0x30, 0x44, 0x8B, 0x40, 0x10, 0x48, 0x8B, 0x54, 0x24,
  0x68, 0x48, 0x8B, 0x52, 0x18, 0x48, 0x8B, 0x44, 0x24, 0x30, 0x8B, 0x48, 0x18, 0xE8, 0x4E, 0x03,
  0x00, 0x00, 0x89, 0x44, 0x24, 0x3C, 0xE9, 0x10, 0x02, 0x00, 0x00, 0x48, 0x8B, 0x44, 0x24, 0x68,
  0x48, 0x8B, 0x40, 0x18, 0xC7, 0x00, 0x00, 0x00, 0x01, 0x00, 0x48, 0x8B, 0x44, 0x24, 0x68, 0x48,
  0xC7, 0x40, 0x38, 0x04, 0x00, 0x00, 0x00, 0xC7, 0x44, 0x24, 0x3C, 0x00, 0x00, 0x00, 0x00, 0xE9,
  0xE7, 0x01, 0x00, 0x00, 0x48, 0x8B, 0x4C, 0x24, 0x68, 0x48, 0x8B, 0x49, 0x18, 0x8B, 0x05, 0x7D,
  0x2A, 0x00, 0x00, 0x89, 0x01, 0x48, 0x8B, 0x44, 0x24, 0x68, 0x48, 0xC7, 0x40, 0x38, 0x04, 0x00,
  0x00, 0x00, 0xC7, 0x44, 0x24, 0x3C, 0x00, 0x00, 0x00, 0x00, 0xE9, 0xBC, 0x01, 0x00, 0x00, 0x48,
  0x8B, 0x44, 0x24, 0x68, 0x48, 0x83, 0xC0, 0x38, 0x48, 0x89, 0x44, 0x24, 0x20, 0x48, 0x8B, 0x44,
  0x24, 0x30, 0x44, 0x8B, 0x48, 0x08, 0x4C, 0x8B, 0x44, 0x24, 0x68, 0x4D, 0x8B, 0x40, 0x18, 0x48,
  0x8B, 0x44, 0x24, 0x30, 0x8B, 0x50, 0x10, 0x48, 0x8B, 0x4C, 0x24, 0x68, 0x48, 0x8B, 0x49, 0x18,
  0xE8, 0x6B, 0x03, 0x00, 0x00, 0x89, 0x44, 0x24, 0x3C, 0xE9, 0x7D, 0x01, 0x00, 0x00, 0x48, 0x8B,
  0x44, 0x24, 0x68, 0x48, 0x83, 0xC0, 0x38, 0x48, 0x89, 0x44, 0x24, 0x20, 0x48, 0x8B, 0x44, 0x24,
  0x30, 0x44, 0x8B, 0x48, 0x08, 0x4C, 0x8B, 0x44, 0x24, 0x68, 0x4D, 0x8B, 0x40, 0x18, 0x48, 0x8B,
  0x44, 0x24, 0x30, 0x8B, 0x50, 0x10, 0x48, 0x8B, 0x4C, 0x24, 0x68, 0x48, 0x8B, 0x49, 0x18, 0xE8,
  0x9C, 0x03, 0x00, 0x00, 0x89, 0x44, 0x24, 0x3C, 0xE9, 0x3E, 0x01, 0x00, 0x00, 0x48, 0x8B, 0x44,
  0x24, 0x68, 0x48, 0x83, 0xC0, 0x38, 0x48, 0x89, 0x44, 0x24, 0x20, 0x48, 0x8B, 0x44, 0x24, 0x30,
  0x44, 0x8B, 0x48, 0x08, 0x4C, 0x8B, 0x44, 0x24, 0x68, 0x4D, 0x8B, 0x40, 0x18, 0x48, 0x8B, 0x44,
  0x24, 0x30, 0x8B, 0x50, 0x10, 0x48, 0x8B, 0x4C, 0x24, 0x68, 0x48, 0x8B, 0x49, 0x18, 0xE8, 0xCD,
  0x03, 0x00, 0x00, 0x89, 0x44, 0x24, 0x3C, 0xE9, 0xFF, 0x00, 0x00, 0x00, 0xF4, 0xC7, 0x44, 0x24,
  0x3C, 0x00, 0x00, 0x00, 0x00, 0xE9, 0xF1, 0x00, 0x00, 0x00, 0x48, 0x8B, 0x44, 0x24, 0x68, 0x48,
  0x83, 0xC0, 0x38, 0x48, 0x89, 0x44, 0x24, 0x20, 0x48, 0x8B, 0x44, 0x24, 0x30, 0x44, 0x8B, 0x48,
  0x08, 0x4C, 0x8B, 0x44, 0x24, 0x68, 0x4D, 0x8B, 0x40, 0x18, 0x48, 0x8B, 0x44, 0x24, 0x30, 0x8B,
  0x50, 0x10, 0x48, 0x8B, 0x4C, 0x24, 0x68, 0x48, 0x8B, 0x49, 0x18, 0xE8, 0xF0, 0x03, 0x00, 0x00,
  0x89, 0x44, 0x24, 0x3C, 0xE9, 0xB2, 0x00, 0x00, 0x00, 0x48, 0x8B, 0x44, 0x24, 0x68, 0x48, 0x83,
  0xC0, 0x38, 0x48, 0x89, 0x44, 0x24, 0x20, 0x48, 0x8B, 0x44, 0x24, 0x30, 0x44, 0x8B, 0x48, 0x08,
  0x4C, 0x8B, 0x44, 0x24, 0x68, 0x4D, 0x8B, 0x40, 0x18, 0x48, 0x8B, 0x44, 0x24, 0x30, 0x8B, 0x50,
  0x10, 0x48, 0x8B, 0x4C, 0x24, 0x68, 0x48, 0x8B, 0x49, 0x18, 0xE8, 0x41, 0x04, 0x00, 0x00, 0x89,
  0x44, 0x24, 0x3C, 0xEB, 0x76, 0x48, 0x8B, 0x44, 0x24, 0x68, 0x48, 0x83, 0xC0, 0x38, 0x48, 0x89,
  0x44, 0x24, 0x20, 0x48, 0x8B, 0x44, 0x24, 0x30, 0x44, 0x8B, 0x48, 0x08, 0x4C, 0x8B, 0x44, 0x24,
  0x68, 0x4D, 0x8B, 0x40, 0x18, 0x48, 0x8B, 0x44, 0x24, 0x30, 0x8B, 0x50, 0x10, 0x48, 0x8B, 0x4C,
  0x24, 0x68, 0x48, 0x8B, 0x49, 0x18, 0xE8, 0x15, 0x06, 0x00, 0x00, 0x89, 0x44, 0x24, 0x3C, 0xEB,
  0x3A, 0x48, 0x8B, 0x44, 0x24, 0x68, 0x48, 0x83, 0xC0, 0x38, 0x48, 0x89, 0x44, 0x24, 0x20, 0x48,
  0x8B, 0x44, 0x24, 0x30, 0x44, 0x8B, 0x48, 0x08, 0x4C, 0x8B, 0x44, 0x24, 0x68, 0x4D, 0x8B, 0x40,
  0x18, 0x48, 0x8B, 0x44, 0x24, 0x30, 0x8B, 0x50, 0x10, 0x48, 0x8B, 0x4C, 0x24, 0x68, 0x48, 0x8B,
  0x49, 0x18, 0xE8, 0x19, 0x07, 0x00, 0x00, 0x89, 0x44, 0x24, 0x3C, 0xEB, 0x42, 0x83, 0x3D, 0x9C,
  0x28, 0x00, 0x00, 0xFF, 0x74, 0x0F, 0x8B, 0x05, 0x94, 0x28, 0x00, 0x00, 0x83, 0xC0, 0x01, 0x89,
  0x05, 0x8B, 0x28, 0x00, 0x00, 0xC7, 0x44, 0x24, 0x3C, 0x00, 0x00, 0x00, 0x00, 0xEB, 0x20, 0x83,
  0x3D, 0x7A, 0x28, 0x00, 0x00, 0xFF, 0x74, 0x0F, 0x8B, 0x05, 0x72, 0x28, 0x00, 0x00, 0x83, 0xE8,
  0x01, 0x89, 0x05, 0x69, 0x28, 0x00, 0x00, 0xC7, 0x44, 0x24, 0x3C, 0x00, 0x00, 0x00, 0x00, 0x48,
  0x8B, 0x4C, 0x24, 0x68, 0x8B, 0x44, 0x24, 0x3C, 0x89, 0x41, 0x30, 0x33, 0xD2, 0x48, 0x8B, 0x4C,
  0x24, 0x68, 0xFF, 0x15, 0x60, 0x17, 0x00, 0x00, 0x8B, 0x44, 0x24, 0x3C, 0x48, 0x83, 0xC4, 0x58,
  0xC3, 0xCC, 0xCC, 0xCC, 0xCC, 0xCC, 0xCC, 0xCC, 0xCC, 0xCC, 0xCC, 0xCC, 0xCC, 0xCC, 0xCC, 0xCC,
  0x4C, 0x89, 0x4C, 0x24, 0x20, 0x44, 0x89, 0x44, 0x24, 0x18, 0x48, 0x89, 0x54, 0x24, 0x10, 0x89,
  0x4C, 0x24, 0x08, 0x48, 0x83, 0xEC, 0x38, 0x48, 0x8B, 0x44, 0x24, 0x48, 0x8B, 0x00, 0x89, 0x44,
  0x24, 0x20, 0x8B, 0x44, 0x24, 0x40, 0x89, 0x44, 0x24, 0x24, 0x81, 0x7C, 0x24, 0x24, 0x20, 0x64,
  0x60, 0xEA, 0x74, 0x44, 0x81, 0x7C, 0x24, 0x24, 0x24, 0x64, 0x60, 0xEA, 0x74, 0x22, 0x81, 0x7C,
  0x24, 0x24, 0x40, 0x64, 0x60, 0xEA, 0x74, 0x02, 0xEB, 0x45, 0x8B, 0x4C, 0x24, 0x20, 0xE8, 0x5D,
  0xF8, 0xFF, 0xFF, 0x44, 0x8B, 0xD8, 0x48, 0x8B, 0x44, 0x24, 0x58, 0x44, 0x89, 0x18, 0xEB, 0x41,
  0x8B, 0x4C, 0x24, 0x20, 0xE8, 0x17, 0xF8, 0xFF, 0xFF, 0x44, 0x0F, 0xB7, 0xD8, 0x48, 0x8B, 0x44,
  0x24, 0x58, 0x66, 0x44, 0x89, 0x18, 0xEB, 0x29, 0x8B, 0x4C, 0x24, 0x20, 0xE8, 0xDF, 0xF7, 0xFF,
  0xFF, 0x44, 0x0F, 0xB6, 0xD8, 0x48, 0x8B, 0x44, 0x24, 0x58, 0x44, 0x88, 0x18, 0xEB, 0x12, 0x48,
  0x8B, 0x44, 0x24, 0x68, 0xC7, 0x00, 0x00, 0x00, 0x00, 0x00, 0xB8, 0x0D, 0x00, 0x00, 0xC0, 0xEB,
  0x0D, 0x48, 0x8B, 0x4C, 0x24, 0x68, 0x8B, 0x44, 0x24, 0x50, 0x89, 0x01, 0x33, 0xC0, 0x48, 0x83,
  0xC4, 0x38, 0xC3, 0xCC, 0xCC, 0xCC, 0xCC, 0xCC, 0xCC, 0xCC, 0xCC, 0xCC, 0xCC, 0xCC, 0xCC, 0xCC,
  0x4C, 0x89, 0x4C, 0x24, 0x20, 0x44, 0x89, 0x44, 0x24, 0x18, 0x48, 0x89, 0x54, 0x24, 0x10, 0x89,
  0x4C, 0x24, 0x08, 0x48, 0x83, 0xEC, 0x48, 0x48, 0x8B, 0x44, 0x24, 0x58, 0x48, 0x89, 0x44, 0x24,
  0x28, 0x48, 0x8B, 0x44, 0x24, 0x28, 0x8B, 0x00, 0x89, 0x44, 0x24, 0x20, 0x8B, 0x44, 0x24, 0x50,
  0x89, 0x44, 0x24, 0x30, 0x81, 0x7C, 0x24, 0x30, 0x44, 0xA4, 0x60, 0xEA, 0x74, 0x3D, 0x81, 0x7C,
  0x24, 0x30, 0x48, 0xA4, 0x60, 0xEA, 0x74, 0x1F, 0x81, 0x7C, 0x24, 0x30, 0x4C, 0xA4, 0x60, 0xEA,
  0x74, 0x02, 0xEB, 0x3B, 0x8B, 0x4C, 0x24, 0x20, 0x48, 0x8B, 0x44, 0x24, 0x28, 0x8B, 0x50, 0x04,
  0xE8, 0xEB, 0xF7, 0xFF, 0xFF, 0xEB, 0x2F, 0x8B, 0x4C, 0x24, 0x20, 0x48, 0x8B, 0x44, 0x24, 0x28,
  0x0F, 0xB7, 0x50, 0x04, 0xE8, 0xB7, 0xF7, 0xFF, 0xFF, 0xEB, 0x1B, 0x8B, 0x4C, 0x24, 0x20, 0x48,
  0x8B, 0x44, 0x24, 0x28, 0x0F, 0xB6, 0x50, 0x04, 0xE8, 0x83, 0xF7, 0xFF, 0xFF, 0xEB, 0x07, 0xB8,
  0x0D, 0x00, 0x00, 0xC0, 0xEB, 0x02, 0x33, 0xC0, 0x48, 0x83, 0xC4, 0x48, 0xC3, 0xCC, 0xCC, 0xCC,
  0xCC, 0xCC, 0xCC, 0xCC, 0xCC, 0xCC, 0xCC, 0xCC, 0xCC, 0xCC, 0xCC, 0xCC, 0xCC, 0xCC, 0xCC, 0xCC,
  0x44, 0x89, 0x4C, 0x24, 0x20, 0x4C, 0x89, 0x44, 0x24, 0x18, 0x89, 0x54, 0x24, 0x10, 0x48, 0x89,
  0x4C, 0x24, 0x08, 0x48, 0x83, 0xEC, 0x18, 0x48, 0x8B, 0x44, 0x24, 0x20, 0x8B, 0x08, 0x0F, 0x32,
  0x48, 0xC1, 0xE2, 0x20, 0x48, 0x0B, 0xC2, 0x48, 0x89, 0x04, 0x24, 0x48, 0x8B, 0x4C, 0x24, 0x30,
  0x48, 0x8B, 0x04, 0x24, 0x48, 0x89, 0x01, 0x48, 0x8B, 0x44, 0x24, 0x40, 0xC7, 0x00, 0x08, 0x00,
  0x00, 0x00, 0x33, 0xC0, 0xEB, 0x12, 0x48, 0x8B, 0x44, 0x24, 0x40, 0xC7, 0x00, 0x00, 0x00, 0x00,
  0x00, 0xB8, 0x01, 0x00, 0x00, 0xC0, 0xEB, 0x00, 0x48, 0x83, 0xC4, 0x18, 0xC3, 0xCC, 0xCC, 0xCC,
  0xCC, 0xCC, 0xCC, 0xCC, 0xCC, 0xCC, 0xCC, 0xCC, 0xCC, 0xCC, 0xCC, 0xCC, 0xCC, 0xCC, 0xCC, 0xCC,
  0x44, 0x89, 0x4C, 0x24, 0x20, 0x4C, 0x89, 0x44, 0x24, 0x18, 0x89, 0x54, 0x24, 0x10, 0x48, 0x89,
  0x4C, 0x24, 0x08, 0x48, 0x83, 0xEC, 0x18, 0x48, 0x8B, 0x44, 0x24, 0x20, 0x48, 0x89, 0x04, 0x24,
  0x4C, 0x8B, 0x04, 0x24, 0x4D, 0x8B, 0x40, 0x04, 0x49, 0x8B, 0xD0, 0x48, 0xC1, 0xEA, 0x20, 0x48,
  0x8B, 0x04, 0x24, 0x8B, 0x08, 0x41, 0x8B, 0xC0, 0x0F, 0x30, 0x48, 0x8B, 0x44, 0x24, 0x40, 0xC7,
  0x00, 0x00, 0x00, 0x00, 0x00, 0x33, 0xC0, 0xEB, 0x12, 0x48, 0x8B, 0x44, 0x24, 0x40, 0xC7, 0x00,
  0x00, 0x00, 0x00, 0x00, 0xB8, 0x01, 0x00, 0x00, 0xC0, 0xEB, 0x00, 0x48, 0x83, 0xC4, 0x18, 0xC3,
  0xCC, 0xCC, 0xCC, 0xCC, 0xCC, 0xCC, 0xCC, 0xCC, 0xCC, 0xCC, 0xCC, 0xCC, 0xCC, 0xCC, 0xCC, 0xCC,
  0x44, 0x89, 0x4C, 0x24, 0x20, 0x4C, 0x89, 0x44, 0x24, 0x18, 0x89, 0x54, 0x24, 0x10, 0x48, 0x89,
  0x4C, 0x24, 0x08, 0x48, 0x83, 0xEC, 0x18, 0x48, 0x8B, 0x44, 0x24, 0x20, 0x8B, 0x08, 0x0F, 0x33,
  0x48, 0xC1, 0xE2, 0x20, 0x48, 0x0B, 0xC2, 0x48, 0x89, 0x04, 0x24, 0x48, 0x8B, 0x4C, 0x24, 0x30,
  0x48, 0x8B, 0x04, 0x24, 0x48, 0x89, 0x01, 0x48, 0x8B, 0x44, 0x24, 0x40, 0xC7, 0x00, 0x08, 0x00,
  0x00, 0x00, 0x33, 0xC0, 0xEB, 0x12, 0x48, 0x8B, 0x44, 0x24, 0x40, 0xC7, 0x00, 0x00, 0x00, 0x00,
  0x00, 0xB8, 0x01, 0x00, 0x00, 0xC0, 0xEB, 0x00, 0x48, 0x83, 0xC4, 0x18, 0xC3, 0xCC, 0xCC, 0xCC,
  0xCC, 0xCC, 0xCC, 0xCC, 0xCC, 0xCC, 0xCC, 0xCC, 0xCC, 0xCC, 0xCC, 0xCC, 0xCC, 0xCC, 0xCC, 0xCC,
  0x44, 0x89, 0x4C, 0x24, 0x20, 0x4C, 0x89, 0x44, 0x24, 0x18, 0x89, 0x54, 0x24, 0x10, 0x48, 0x89,
  0x4C, 0x24, 0x08, 0x48, 0x83, 0xEC, 0x38, 0x8B, 0x44, 0x24, 0x48, 0x48, 0x83, 0xF8, 0x08, 0x74,
  0x07, 0xB8, 0x0D, 0x00, 0x00, 0xC0, 0xEB, 0x4F, 0x48, 0x8B, 0x44, 0x24, 0x40, 0x48, 0x89, 0x44,
  0x24, 0x28, 0x44, 0x8B, 0x4C, 0x24, 0x58, 0x4C, 0x8B, 0x44, 0x24, 0x50, 0x48, 0x8B, 0x44, 0x24,
  0x28, 0x8B, 0x50, 0x04, 0x48, 0x8B, 0x44, 0x24, 0x28, 0x8B, 0x08, 0xE8, 0xC0, 0x00, 0x00, 0x00,
  0x89, 0x44, 0x24, 0x20, 0x83, 0x7C, 0x24, 0x20, 0x00, 0x75, 0x0D, 0x48, 0x8B, 0x4C, 0x24, 0x60,
  0x8B, 0x44, 0x24, 0x58, 0x89, 0x01, 0xEB, 0x0B, 0x48, 0x8B, 0x44, 0x24, 0x60, 0xC7, 0x00, 0x00,
  0x00, 0x00, 0x00, 0x8B, 0x44, 0x24, 0x20, 0x48, 0x83, 0xC4, 0x38, 0xC3, 0xCC, 0xCC, 0xCC, 0xCC,
  0xCC, 0xCC, 0xCC, 0xCC, 0xCC, 0xCC, 0xCC, 0xCC, 0xCC, 0xCC, 0xCC, 0xCC, 0xCC, 0xCC, 0xCC, 0xCC,
  0x44, 0x89, 0x4C, 0x24, 0x20, 0x4C, 0x89, 0x44, 0x24, 0x18, 0x89, 0x54, 0x24, 0x10, 0x48, 0x89,
  0x4C, 0x24, 0x08, 0x48, 0x83, 0xEC, 0x38, 0x8B, 0x44, 0x24, 0x48, 0x48, 0x83, 0xF8, 0x08, 0x73,
  0x07, 0xB8, 0x0D, 0x00, 0x00, 0xC0, 0xEB, 0x43, 0x8B, 0x44, 0x24, 0x48, 0x48, 0x83, 0xE8, 0x08,
  0x89, 0x44, 0x24, 0x20, 0x48, 0x8B, 0x44, 0x24, 0x40, 0x48, 0x89, 0x44, 0x24, 0x28, 0x48, 0x8B,
  0x44, 0x24, 0x60, 0xC7, 0x00, 0x00, 0x00, 0x00, 0x00, 0x4C, 0x8B, 0x44, 0x24, 0x28, 0x49, 0x83,
  0xC0, 0x08, 0x44, 0x8B, 0x4C, 0x24, 0x20, 0x48, 0x8B, 0x44, 0x24, 0x28, 0x8B, 0x50, 0x04, 0x48,
  0x8B, 0x44, 0x24, 0x28, 0x8B, 0x08, 0xE8, 0xF5, 0x00, 0x00, 0x00, 0x48, 0x83, 0xC4, 0x38, 0xC3,
  0xCC, 0xCC, 0xCC, 0xCC, 0xCC, 0xCC, 0xCC, 0xCC, 0xCC, 0xCC, 0xCC, 0xCC, 0xCC, 0xCC, 0xCC, 0xCC,
  0x44, 0x89, 0x4C, 0x24, 0x20, 0x4C, 0x89, 0x44, 0x24, 0x18, 0x89, 0x54, 0x24, 0x10, 0x89, 0x4C,
  0x24, 0x08, 0x48, 0x83, 0xEC, 0x48, 0xC7, 0x44, 0x24, 0x38, 0x00, 0x00, 0x00, 0x00, 0x8B, 0x44,
  0x24, 0x50, 0xC1, 0xE8, 0x08, 0x25, 0xFF, 0x00, 0x00, 0x00, 0x89, 0x44, 0x24, 0x30, 0x8B, 0x4C,
  0x24, 0x50, 0xC1, 0xE9, 0x03, 0x83, 0xE1, 0x1F, 0x83, 0xE1, 0x1F, 0x8B, 0x44, 0x24, 0x38, 0x83,
  0xE0, 0xE0, 0x0B, 0xC1, 0x89, 0x44, 0x24, 0x38, 0x8B, 0x4C, 0x24, 0x50, 0x83, 0xE1, 0x07, 0x83,
  0xE1, 0x07, 0xC1, 0xE1, 0x05, 0x8B, 0x44, 0x24, 0x38, 0x25, 0x1F, 0xFF, 0xFF, 0xFF, 0x0B, 0xC1,
  0x89, 0x44, 0x24, 0x38, 0x8B, 0x44, 0x24, 0x68, 0x89, 0x44, 0x24, 0x28, 0x8B, 0x44, 0x24, 0x58,
  0x89, 0x44, 0x24, 0x20, 0x4C, 0x8B, 0x4C, 0x24, 0x60, 0x44, 0x8B, 0x44, 0x24, 0x38, 0x8B, 0x54,
  0x24, 0x30, 0xB9, 0x04, 0x00, 0x00, 0x00, 0xFF, 0x15, 0xCB, 0x12, 0x00, 0x00, 0x89, 0x44, 0x24,
  0x34, 0x83, 0x7C, 0x24, 0x34, 0x00, 0x75, 0x09, 0xB8, 0x01, 0x00, 0x00, 0xE0, 0xEB, 0x2C, 0xEB,
  0x28, 0x83, 0x7C, 0x24, 0x68, 0x02, 0x74, 0x10, 0x83, 0x7C, 0x24, 0x34, 0x02, 0x75, 0x09, 0xB8,
  0x02, 0x00, 0x00, 0xE0, 0xEB, 0x15, 0xEB, 0x11, 0x8B, 0x44, 0x24, 0x34, 0x39, 0x44, 0x24, 0x68,
  0x74, 0x07, 0xB8, 0x04, 0x00, 0x00, 0xE0, 0xEB, 0x02, 0x33, 0xC0, 0x48, 0x83, 0xC4, 0x48, 0xC3,
  0xCC, 0xCC, 0xCC, 0xCC, 0xCC, 0xCC, 0xCC, 0xCC, 0xCC, 0xCC, 0xCC, 0xCC, 0xCC, 0xCC, 0xCC, 0xCC,
  0x44, 0x89, 0x4C, 0x24, 0x20, 0x4C, 0x89, 0x44, 0x24, 0x18, 0x89, 0x54, 0x24, 0x10, 0x89, 0x4C,
  0x24, 0x08, 0x48, 0x83, 0xEC, 0x48, 0x8B, 0x44, 0x24, 0x50, 0xC1, 0xE8, 0x08, 0x25, 0xFF, 0x00,
  0x00, 0x00, 0x89, 0x44, 0x24, 0x30, 0xC7, 0x44, 0x24, 0x38, 0x00, 0x00, 0x00, 0x00, 0x8B, 0x4C,
  0x24, 0x50, 0xC1, 0xE9, 0x03, 0x83, 0xE1, 0x1F, 0x83, 0xE1, 0x1F, 0x8B, 0x44, 0x24, 0x38, 0x83,
  0xE0, 0xE0, 0x0B, 0xC1, 0x89, 0x44, 0x24, 0x38, 0x8B, 0x4C, 0x24, 0x50, 0x83, 0xE1, 0x07, 0x83,
  0xE1, 0x07, 0xC1, 0xE1, 0x05, 0x8B, 0x44, 0x24, 0x38, 0x25, 0x1F, 0xFF, 0xFF, 0xFF, 0x0B, 0xC1,
  0x89, 0x44, 0x24, 0x38, 0x8B, 0x44, 0x24, 0x68, 0x89, 0x44, 0x24, 0x28, 0x8B, 0x44, 0x24, 0x58,
  0x89, 0x44, 0x24, 0x20, 0x4C, 0x8B, 0x4C, 0x24, 0x60, 0x44, 0x8B, 0x44, 0x24, 0x38, 0x8B, 0x54,
  0x24, 0x30, 0xB9, 0x04, 0x00, 0x00, 0x00, 0xFF, 0x15, 0xE3, 0x11, 0x00, 0x00, 0x89, 0x44, 0x24,
  0x34, 0x8B, 0x44, 0x24, 0x68, 0x39, 0x44, 0x24, 0x34, 0x74, 0x07, 0xB8, 0x03, 0x00, 0x00, 0xE0,
  0xEB, 0x02, 0x33, 0xC0, 0x48, 0x83, 0xC4, 0x48, 0xC3, 0xCC, 0xCC, 0xCC, 0xCC, 0xCC, 0xCC, 0xCC,
  0x44, 0x89, 0x4C, 0x24, 0x20, 0x4C, 0x89, 0x44, 0x24, 0x18, 0x89, 0x54, 0x24, 0x10, 0x48, 0x89,
  0x4C, 0x24, 0x08, 0x48, 0x83, 0xEC, 0x58, 0x8B, 0x44, 0x24, 0x68, 0x48, 0x83, 0xF8, 0x10, 0x74,
  0x0A, 0xB8, 0x0D, 0x00, 0x00, 0xC0, 0xE9, 0x03, 0x01, 0x00, 0x00, 0x48, 0x8B, 0x44, 0x24, 0x60,
  0x48, 0x89, 0x44, 0x24, 0x38, 0x48, 0x8B, 0x44, 0x24, 0x38, 0x48, 0x8B, 0x4C, 0x24, 0x38, 0x8B,
  0x40, 0x08, 0x0F, 0xAF, 0x41, 0x0C, 0x89, 0x44, 0x24, 0x2C, 0x8B, 0x44, 0x24, 0x78, 0x39, 0x44,
  0x24, 0x2C, 0x76, 0x0A, 0xB8, 0x0D, 0x00, 0x00, 0xC0, 0xE9, 0xD0, 0x00, 0x00, 0x00, 0x48, 0x8B,
  0x44, 0x24, 0x38, 0x48, 0x8B, 0x00, 0x48, 0x89, 0x44, 0x24, 0x30, 0x8B, 0x54, 0x24, 0x2C, 0x45,
  0x33, 0xC0, 0x48, 0x8B, 0x4C, 0x24, 0x30, 0xFF, 0x15, 0x63, 0x11, 0x00, 0x00, 0x48, 0x89, 0x44,
  0x24, 0x20, 0xC6, 0x44, 0x24, 0x28, 0x00, 0x48, 0x8B, 0x44, 0x24, 0x38, 0x8B, 0x40, 0x08, 0x89,
  0x44, 0x24, 0x40, 0x83, 0x7C, 0x24, 0x40, 0x01, 0x74, 0x10, 0x83, 0x7C, 0x24, 0x40, 0x02, 0x74,
  0x23, 0x83, 0x7C, 0x24, 0x40, 0x04, 0x74, 0x36, 0xEB, 0x4E, 0x48, 0x8B, 0x44, 0x24, 0x38, 0x44,
  0x8B, 0x40, 0x0C, 0x48, 0x8B, 0x54, 0x24, 0x70, 0x48, 0x8B, 0x4C, 0x24, 0x20, 0xE8, 0x1E, 0xF1,
  0xFF, 0xFF, 0xEB, 0x39, 0x48, 0x8B, 0x44, 0x24, 0x38, 0x44, 0x8B, 0x40, 0x0C, 0x48, 0x8B, 0x54,
  0x24, 0x70, 0x48, 0x8B, 0x4C, 0x24, 0x20, 0xE8, 0x34, 0xF1, 0xFF, 0xFF, 0xEB, 0x1F, 0x48, 0x8B,
  0x44, 0x24, 0x38, 0x44, 0x8B, 0x40, 0x0C, 0x48, 0x8B, 0x54, 0x24, 0x70, 0x48, 0x8B, 0x4C, 0x24,
  0x20, 0xE8, 0x4A, 0xF1, 0xFF, 0xFF, 0xEB, 0x05, 0xC6, 0x44, 0x24, 0x28, 0x01, 0x8B, 0x54, 0x24,
  0x2C, 0x48, 0x8B, 0x4C, 0x24, 0x20, 0xFF, 0x15, 0xCC, 0x10, 0x00, 0x00, 0x44, 0x0F, 0xB6, 0x5C,
  0x24, 0x28, 0x45, 0x85, 0xDB, 0x74, 0x07, 0xB8, 0x0D, 0x00, 0x00, 0xC0, 0xEB, 0x10, 0x48, 0x8B,
  0x8C, 0x24, 0x80, 0x00, 0x00, 0x00, 0x8B, 0x44, 0x24, 0x78, 0x89, 0x01, 0x33, 0xC0, 0x48, 0x83,
  0xC4, 0x58, 0xC3, 0xCC, 0xCC, 0xCC, 0xCC, 0xCC, 0xCC, 0xCC, 0xCC, 0xCC, 0xCC, 0xCC, 0xCC, 0xCC,
  0x44, 0x89, 0x4C, 0x24, 0x20, 0x4C, 0x89, 0x44, 0x24, 0x18, 0x89, 0x54, 0x24, 0x10, 0x48, 0x89,
  0x4C, 0x24, 0x08, 0x48, 0x83, 0xEC, 0x58, 0x8B, 0x44, 0x24, 0x68, 0x48, 0x83, 0xF8, 0x10, 0x73,
  0x0A, 0xB8, 0x0D, 0x00, 0x00, 0xC0, 0xE9, 0x16, 0x01, 0x00, 0x00, 0x48, 0x8B, 0x44, 0x24, 0x60,
  0x48, 0x89, 0x44, 0x24, 0x38, 0x48, 0x8B, 0x44, 0x24, 0x38, 0x48, 0x8B, 0x4C, 0x24, 0x38, 0x8B,
  0x40, 0x08, 0x0F, 0xAF, 0x41, 0x0C, 0x89, 0x44, 0x24, 0x2C, 0x8B, 0x4C, 0x24, 0x68, 0x8B, 0x44,
  0x24, 0x2C, 0x48, 0x83, 0xC0, 0x10, 0x48, 0x3B, 0xC8, 0x73, 0x0A, 0xB8, 0x0D, 0x00, 0x00, 0xC0,
  0xE9, 0xDC, 0x00, 0x00, 0x00, 0x48, 0x8B, 0x44, 0x24, 0x38, 0x48, 0x8B, 0x00, 0x48, 0x89, 0x44,
  0x24, 0x30, 0x8B, 0x54, 0x24, 0x2C, 0x45, 0x33, 0xC0, 0x48, 0x8B, 0x4C, 0x24, 0x30, 0xFF, 0x15,
  0x1C, 0x10, 0x00, 0x00, 0x48, 0x89, 0x44, 0x24, 0x20, 0xC6, 0x44, 0x24, 0x28, 0x00, 0x48, 0x8B,
  0x44, 0x24, 0x38, 0x8B, 0x40, 0x08, 0x89, 0x44, 0x24, 0x40, 0x83, 0x7C, 0x24, 0x40, 0x01, 0x74,
  0x10, 0x83, 0x7C, 0x24, 0x40, 0x02, 0x74, 0x27, 0x83, 0x7C, 0x24, 0x40, 0x04, 0x74, 0x3E, 0xEB,
  0x5A, 0x48, 0x8B, 0x54, 0x24, 0x38, 0x48, 0x83, 0xC2, 0x10, 0x48, 0x8B, 0x44, 0x24, 0x38, 0x44,
  0x8B, 0x40, 0x0C, 0x48, 0x8B, 0x4C, 0x24, 0x20, 0xE8, 0x63, 0xF0, 0xFF, 0xFF, 0xEB, 0x41, 0x48,
  0x8B, 0x54, 0x24, 0x38, 0x48, 0x83, 0xC2, 0x10, 0x48, 0x8B, 0x44, 0x24, 0x38, 0x44, 0x8B, 0x40,
  0x0C, 0x48, 0x8B, 0x4C, 0x24, 0x20, 0xE8, 0x75, 0xF0, 0xFF, 0xFF, 0xEB, 0x23, 0x48, 0x8B, 0x54,
  0x24, 0x38, 0x48, 0x83, 0xC2, 0x10, 0x48, 0x8B, 0x44, 0x24, 0x38, 0x44, 0x8B, 0x40, 0x0C, 0x48,
  0x8B, 0x4C, 0x24, 0x20, 0xE8, 0x87, 0xF0, 0xFF, 0xFF, 0xEB, 0x05, 0xC6, 0x44, 0x24, 0x28, 0x01,
  0x8B, 0x54, 0x24, 0x2C, 0x48, 0x8B, 0x4C, 0x24, 0x20, 0xFF, 0x15, 0x79, 0x0F, 0x00, 0x00, 0x44,
  0x0F, 0xB6, 0x5C, 0x24, 0x28, 0x45, 0x85, 0xDB, 0x74, 0x07, 0xB8, 0x0D, 0x00, 0x00, 0xC0, 0xEB,
  0x10, 0x48, 0x8B, 0x84, 0x24, 0x80, 0x00, 0x00, 0x00, 0xC7, 0x00, 0x00, 0x00, 0x00, 0x00, 0x33,
  0xC0, 0x48, 0x83, 0xC4, 0x58, 0xC3, 0xCC, 0xCC, 0xCC, 0xCC, 0xCC, 0xCC, 0xCC, 0xCC, 0xCC, 0xCC,
  0xCC, 0xCC, 0xCC, 0xCC, 0xCC, 0xCC, 0x66, 0x66, 0x0F, 0x1F, 0x84, 0x00, 0x00, 0x00, 0x00, 0x00,
  0x48, 0x3B, 0x0D, 0x19, 0x20, 0x00, 0x00, 0x75, 0x12, 0x48, 0xC1, 0xC1, 0x10, 0x66, 0xF7, 0xC1,
  0xFF, 0xFF, 0x75, 0x03, 0xC2, 0x00, 0x00, 0x48, 0xC1, 0xC9, 0x10, 0xE9, 0x08, 0x00, 0x00, 0x00,
  0xCC, 0xCC, 0xCC, 0xCC, 0xCC, 0xCC, 0xCC, 0xCC, 0x48, 0x83, 0xEC, 0x38, 0x4C, 0x8B, 0x0D, 0xF5,
  0x1F, 0x00, 0x00, 0x4C, 0x8B, 0x05, 0xE6, 0x1F, 0x00, 0x00, 0x48, 0x83, 0x64, 0x24, 0x20, 0x00,
  0x48, 0x8B, 0xD1, 0xB9, 0xF7, 0x00, 0x00, 0x00, 0xFF, 0x15, 0x22, 0x0F, 0x00, 0x00, 0xCC, 0xCC,
  0xCC, 0xCC, 0xCC, 0xCC, 0xCC, 0xCC, 0xFF, 0x25, 0x0C, 0x0F, 0x00, 0x00, 0xCC, 0xCC, 0xCC, 0xCC,
  0xCC, 0xCC, 0xFF, 0x25, 0x28, 0x0F, 0x00, 0x00, 0xCC, 0xCC, 0xCC, 0xCC, 0xCC, 0xCC, 0xCC, 0xCC,
  0x63, 0x3A, 0x5C, 0x77, 0x69, 0x6E, 0x64, 0x64, 0x6B, 0x5C, 0x37, 0x36, 0x30, 0x30, 0x2E, 0x31,
  0x36, 0x33, 0x38, 0x35, 0x2E, 0x31, 0x5C, 0x69, 0x6E, 0x63, 0x5C, 0x64, 0x64, 0x6B, 0x5C, 0x77,
  0x64, 0x6D, 0x2E, 0x68, 0x00, 0xCC, 0xCC, 0xCC, 0xCC, 0xCC, 0xCC, 0xCC, 0xCC, 0xCC, 0xCC, 0xCC,
  0x49, 0x72, 0x70, 0x2D, 0x3E, 0x43, 0x75, 0x72, 0x72, 0x65, 0x6E, 0x74, 0x4C, 0x6F, 0x63, 0x61,
  0x74, 0x69, 0x6F, 0x6E, 0x20, 0x3C, 0x3D, 0x20, 0x49, 0x72, 0x70, 0x2D, 0x3E, 0x53, 0x74, 0x61,
  0x63, 0x6B, 0x43, 0x6F, 0x75, 0x6E, 0x74, 0x20, 0x2B, 0x20, 0x31, 0x00, 0xCC, 0xCC, 0xCC, 0xCC,
  0x5C, 0x00, 0x44, 0x00, 0x65, 0x00, 0x76, 0x00, 0x69, 0x00, 0x63, 0x00, 0x65, 0x00, 0x5C, 0x00,
  0x50, 0x00, 0x4F, 0x00, 0x52, 0x00, 0x54, 0x00, 0x57, 0x00, 0x45, 0x00, 0x4C, 0x00, 0x4C, 0x00,
  0x5F, 0x00, 0x30, 0x00, 0x5F, 0x00, 0x31, 0x00, 0x00, 0x00, 0xCC, 0xCC, 0xCC, 0xCC, 0xCC, 0xCC,
  0x5C, 0x00, 0x44, 0x00, 0x6F, 0x00, 0x73, 0x00, 0x44, 0x00, 0x65, 0x00, 0x76, 0x00, 0x69, 0x00,
  0x63, 0x00, 0x65, 0x00, 0x73, 0x00, 0x5C, 0x00, 0x50, 0x00, 0x4F, 0x00, 0x52, 0x00, 0x54, 0x00,
  0x57, 0x00, 0x45, 0x00, 0x4C, 0x00, 0x4C, 0x00, 0x5F, 0x00, 0x30, 0x00, 0x5F, 0x00, 0x31, 0x00,
  0x00, 0x00, 0xCC, 0xCC, 0xCC, 0xCC, 0xCC, 0xCC, 0xCC, 0xCC, 0xCC, 0xCC, 0xCC, 0xCC, 0xCC, 0xCC,
  0x45, 0x58, 0x3A, 0x20, 0x50, 0x61, 0x67, 0x65, 0x61, 0x62, 0x6C, 0x65, 0x20, 0x63, 0x6F, 0x64,
  0x65, 0x20, 0x63, 0x61, 0x6C, 0x6C, 0x65, 0x64, 0x20, 0x61, 0x74, 0x20, 0x49, 0x52, 0x51, 0x4C,
  0x20, 0x25, 0x64, 0x0A, 0x00, 0xCC, 0xCC, 0xCC, 0xCC, 0xCC, 0xCC, 0xCC, 0xCC, 0xCC, 0xCC, 0xCC,
  0xCC, 0xCC, 0xCC, 0xCC, 0xCC, 0xCC, 0xCC, 0xCC, 0xCC, 0xCC, 0xCC, 0xCC, 0xCC, 0xCC, 0xCC, 0xCC,
  0x48, 0x89, 0x4C, 0x24, 0x08, 0x48, 0x89, 0x54, 0x24, 0x10, 0x55, 0x48, 0x8B, 0xEA, 0xB8, 0x01,
  0x00, 0x00, 0x00, 0x5D, 0xC3, 0x00, 0x00, 0x00, 0x00, 0x00, 0x00, 0x00, 0x00, 0x00, 0x00, 0x00,
  0x00, 0x00, 0x00, 0x00, 0x00, 0x00, 0x00, 0x00, 0x00, 0x00, 0x00, 0x00, 0x00, 0x00, 0x00, 0x00,
  0x00, 0x00, 0x00, 0x00, 0x00, 0x00, 0x00, 0x00, 0x00, 0x00, 0x00, 0x00, 0x00, 0x00, 0x00, 0x00,
  0x00, 0x00, 0x00, 0x00, 0x00, 0x00, 0x00, 0x00, 0x00, 0x00, 0x00, 0x00, 0x00, 0x00, 0x00, 0x00,
  0x00, 0x00, 0x00, 0x00, 0x00, 0x00, 0x00, 0x00, 0x00, 0x00, 0x00, 0x00, 0x00, 0x00, 0x00, 0x00,
  0x00, 0x00, 0x00, 0x00, 0x00, 0x00, 0x00, 0x00, 0x00, 0x00, 0x00, 0x00, 0x00, 0x00, 0x00, 0x00,
  0x00, 0x00, 0x00, 0x00, 0x00, 0x00, 0x00, 0x00, 0x00, 0x00, 0x00, 0x00, 0x00, 0x00, 0x00, 0x00,
  0x00, 0x00, 0x00, 0x00, 0x00, 0x00, 0x00, 0x00, 0x00, 0x00, 0x00, 0x00, 0x00, 0x00, 0x00, 0x00,
  0x00, 0x00, 0x00, 0x00, 0x00, 0x00, 0x00, 0x00, 0x00, 0x00, 0x00, 0x00, 0x00, 0x00, 0x00, 0x00,
  0x00, 0x00, 0x00, 0x00, 0x00, 0x00, 0x00, 0x00, 0x00, 0x00, 0x00, 0x00, 0x00, 0x00, 0x00, 0x00,
  0x00, 0x00, 0x00, 0x00, 0x00, 0x00, 0x00, 0x00, 0x00, 0x00, 0x00, 0x00, 0x00, 0x00, 0x00, 0x00,
  0x00, 0x00, 0x00, 0x00, 0x00, 0x00, 0x00, 0x00, 0x00, 0x00, 0x00, 0x00, 0x00, 0x00, 0x00, 0x00,
  0x00, 0x00, 0x00, 0x00, 0x00, 0x00, 0x00, 0x00, 0x00, 0x00, 0x00, 0x00, 0x00, 0x00, 0x00, 0x00,
  0x00, 0x00, 0x00, 0x00, 0x00, 0x00, 0x00, 0x00, 0x00, 0x00, 0x00, 0x00, 0x00, 0x00, 0x00, 0x00,
  0x00, 0x00, 0x00, 0x00, 0x00, 0x00, 0x00, 0x00, 0x00, 0x00, 0x00, 0x00, 0x00, 0x00, 0x00, 0x00,
  0x00, 0x00, 0x00, 0x00, 0x00, 0x00, 0x00, 0x00, 0x00, 0x00, 0x00, 0x00, 0x00, 0x00, 0x00, 0x00,
  0x00, 0x00, 0x00, 0x00, 0x00, 0x00, 0x00, 0x00, 0x00, 0x00, 0x00, 0x00, 0x00, 0x00, 0x00, 0x00,
  0x00, 0x00, 0x00, 0x00, 0x00, 0x00, 0x00, 0x00, 0x00, 0x00, 0x00, 0x00, 0x00, 0x00, 0x00, 0x00,
  0x00, 0x00, 0x00, 0x00, 0x00, 0x00, 0x00, 0x00, 0x00, 0x00, 0x00, 0x00, 0x00, 0x00, 0x00, 0x00,
  0x00, 0x00, 0x00, 0x00, 0x00, 0x00, 0x00, 0x00, 0x00, 0x00, 0x00, 0x00, 0x00, 0x00, 0x00, 0x00,
  0x00, 0x00, 0x00, 0x00, 0x00, 0x00, 0x00, 0x00, 0x00, 0x00, 0x00, 0x00, 0x00, 0x00, 0x00, 0x00,
  0x00, 0x00, 0x00, 0x00, 0x00, 0x00, 0x00, 0x00, 0x00, 0x00, 0x00, 0x00, 0x00, 0x00, 0x00, 0x00,
  0x00, 0x00, 0x00, 0x00, 0x00, 0x00, 0x00, 0x00, 0x00, 0x00, 0x00, 0x00, 0x00, 0x00, 0x00, 0x00,
  0x00, 0x00, 0x00, 0x00, 0x00, 0x00, 0x00, 0x00, 0x00, 0x00, 0x00, 0x00, 0x00, 0x00, 0x00, 0x00,
  0x00, 0x00, 0x00, 0x00, 0x00, 0x00, 0x00, 0x00, 0x00, 0x00, 0x00, 0x00, 0x00, 0x00, 0x00, 0x00,
  0x1A, 0x62, 0x00, 0x00, 0x00, 0x00, 0x00, 0x00, 0x32, 0x62, 0x00, 0x00, 0x00, 0x00, 0x00, 0x00,
  0x00, 0x00, 0x00, 0x00, 0x00, 0x00, 0x00, 0x00, 0x82, 0x61, 0x00, 0x00, 0x00, 0x00, 0x00, 0x00,
  0x94, 0x61, 0x00, 0x00, 0x00, 0x00, 0x00, 0x00, 0xA4, 0x61, 0x00, 0x00, 0x00, 0x00, 0x00, 0x00,
  0xBA, 0x61, 0x00, 0x00, 0x00, 0x00, 0x00, 0x00, 0x70, 0x61, 0x00, 0x00, 0x00, 0x00, 0x00, 0x00,
  0xE4, 0x61, 0x00, 0x00, 0x00, 0x00, 0x00, 0x00, 0xF0, 0x61, 0x00, 0x00, 0x00, 0x00, 0x00, 0x00,
  0xFC, 0x61, 0x00, 0x00, 0x00, 0x00, 0x00, 0x00, 0x58, 0x61, 0x00, 0x00, 0x00, 0x00, 0x00, 0x00,
  0xD2, 0x61, 0x00, 0x00, 0x00, 0x00, 0x00, 0x00, 0x40, 0x61, 0x00, 0x00, 0x00, 0x00, 0x00, 0x00,
  0x52, 0x62, 0x00, 0x00, 0x00, 0x00, 0x00, 0x00, 0x00, 0x00, 0x00, 0x00, 0x00, 0x00, 0x00, 0x00,
  0x00, 0x00, 0x00, 0x00, 0x72, 0x31, 0x5B, 0x4D, 0x00, 0x00, 0x00, 0x00, 0x02, 0x00, 0x00, 0x00,
  0x5A, 0x00, 0x00, 0x00, 0x9C, 0x30, 0x00, 0x00, 0x9C, 0x18, 0x00, 0x00, 0x52, 0x53, 0x44, 0x53,
  0x6C, 0xFD, 0x01, 0x71, 0x75, 0x9E, 0x7A, 0x40, 0xBD, 0x2D, 0x2A, 0x9B, 0xB0, 0xE7, 0x53, 0x97,
  0x01, 0x00, 0x00, 0x00, 0x63, 0x3A, 0x5C, 0x70, 0x6F, 0x72, 0x74, 0x77, 0x65, 0x6C, 0x6C, 0x5F,
  0x61, 0x70, 0x69, 0x5F, 0x32, 0x30, 0x31, 0x31, 0x30, 0x32, 0x31, 0x30, 0x5C, 0x64, 0x72, 0x69,
  0x76, 0x65, 0x72, 0x5F, 0x73, 0x6F, 0x75, 0x72, 0x63, 0x65, 0x5C, 0x73, 0x79, 0x73, 0x5C, 0x6C,
  0x69, 0x62, 0x5C, 0x61, 0x6D, 0x64, 0x36, 0x34, 0x5C, 0x70, 0x6F, 0x72, 0x74, 0x77, 0x65, 0x6C,
  0x6C, 0x2E, 0x70, 0x64, 0x62, 0x00, 0x00, 0x00, 0x01, 0x04, 0x01, 0x00, 0x04, 0x42, 0x00, 0x00,
  0x01, 0x04, 0x01, 0x00, 0x04, 0x62, 0x00, 0x00, 0x01, 0x16, 0x01, 0x00, 0x16, 0x82, 0x00, 0x00,
  0x01, 0x17, 0x01, 0x00, 0x17, 0x62, 0x00, 0x00, 0x09, 0x17, 0x01, 0x00, 0x17, 0x22, 0x00, 0x00,
  0x42, 0x21, 0x00, 0x00, 0x01, 0x00, 0x00, 0x00, 0x47, 0x1B, 0x00, 0x00, 0x76, 0x1B, 0x00, 0x00,
  0x60, 0x22, 0x00, 0x00, 0x76, 0x1B, 0x00, 0x00, 0x01, 0x0B, 0x01, 0x00, 0x0B, 0x50, 0x00, 0x00,
  0x09, 0x17, 0x01, 0x00, 0x17, 0x22, 0x00, 0x00, 0x42, 0x21, 0x00, 0x00, 0x01, 0x00, 0x00, 0x00,
  0xD7, 0x1A, 0x00, 0x00, 0x09, 0x1B, 0x00, 0x00, 0x60, 0x22, 0x00, 0x00, 0x09, 0x1B, 0x00, 0x00,
  0x09, 0x17, 0x01, 0x00, 0x17, 0x22, 0x00, 0x00, 0x42, 0x21, 0x00, 0x00, 0x01, 0x00, 0x00, 0x00,
  0x67, 0x1A, 0x00, 0x00, 0x96, 0x1A, 0x00, 0x00, 0x60, 0x22, 0x00, 0x00, 0x96, 0x1A, 0x00, 0x00,
  0x01, 0x09, 0x01, 0x00, 0x09, 0x62, 0x00, 0x00, 0x01, 0x09, 0x01, 0x00, 0x09, 0x22, 0x00, 0x00,
  0x01, 0x11, 0x02, 0x00, 0x11, 0x70, 0x10, 0x60, 0x01, 0x17, 0x01, 0x00, 0x17, 0xA2, 0x00, 0x00,
  0x01, 0x17, 0x01, 0x00, 0x17, 0x82, 0x00, 0x00, 0x01, 0x0E, 0x01, 0x00, 0x0E, 0xA2, 0x00, 0x00,
  0x01, 0x09, 0x01, 0x00, 0x09, 0x82, 0x00, 0x00, 0x01, 0x0E, 0x01, 0x00, 0x0E, 0xE2, 0x00, 0x00,
  0x00, 0x00, 0x00, 0x00, 0x00, 0x00, 0x00, 0x00, 0x00, 0x00, 0x00, 0x00, 0x00, 0x00, 0x00, 0x00,
  0x00, 0x00, 0x00, 0x00, 0x00, 0x00, 0x00, 0x00, 0x00, 0x00, 0x00, 0x00, 0x00, 0x00, 0x00, 0x00,
  0x00, 0x00, 0x00, 0x00, 0x00, 0x00, 0x00, 0x00, 0x00, 0x00, 0x00, 0x00, 0x00, 0x00, 0x00, 0x00,
  0x00, 0x00, 0x00, 0x00, 0x00, 0x00, 0x00, 0x00, 0x00, 0x00, 0x00, 0x00, 0x00, 0x00, 0x00, 0x00,
  0x00, 0x00, 0x00, 0x00, 0x00, 0x01, 0x00, 0x00, 0x00, 0x00, 0x00, 0x00, 0x00, 0x00, 0x00, 0x00,
  0x00, 0x00, 0x00, 0x00, 0x00, 0x00, 0x00, 0x00, 0x00, 0x00, 0x00, 0x00, 0x00, 0x00, 0x00, 0x00,
  0x00, 0x00, 0x00, 0x00, 0x00, 0x00, 0x00, 0x00, 0x00, 0x00, 0x00, 0x00, 0x00, 0x00, 0x00, 0x00,
  0x00, 0x00, 0x00, 0x00, 0x00, 0x00, 0x00, 0x00, 0x00, 0x00, 0x00, 0x00, 0x00, 0x00, 0x00, 0x00,
  0x00, 0x00, 0x00, 0x00, 0x00, 0x00, 0x00, 0x00, 0x00, 0x00, 0x00, 0x00, 0x00, 0x00, 0x00, 0x00,
  0x00, 0x00, 0x00, 0x00, 0x00, 0x00, 0x00, 0x00, 0x00, 0x00, 0x00, 0x00, 0x00, 0x00, 0x00, 0x00,
  0x00, 0x00, 0x00, 0x00, 0x00, 0x00, 0x00, 0x00, 0x00, 0x00, 0x00, 0x00, 0x00, 0x00, 0x00, 0x00,
  0x00, 0x00, 0x00, 0x00, 0x00, 0x00, 0x00, 0x00, 0x00, 0x00, 0x00, 0x00, 0x00, 0x00, 0x00, 0x00,
  0x00, 0x00, 0x00, 0x00, 0x00, 0x00, 0x00, 0x00, 0x00, 0x00, 0x00, 0x00, 0x00, 0x00, 0x00, 0x00,
  0x00, 0x00, 0x00, 0x00, 0x00, 0x00, 0x00, 0x00, 0x00, 0x00, 0x00, 0x00, 0x00, 0x00, 0x00, 0x00,
  0x00, 0x00, 0x00, 0x00, 0x00, 0x00, 0x00, 0x00, 0x00, 0x00, 0x00, 0x00, 0x00, 0x00, 0x00, 0x00,
  0x00, 0x00, 0x00, 0x00, 0x00, 0x00, 0x00, 0x00, 0x00, 0x00, 0x00, 0x00, 0x00, 0x00, 0x00, 0x00,
  0x00, 0x00, 0x00, 0x00, 0x00, 0x00, 0x00, 0x00, 0x00, 0x00, 0x00, 0x00, 0x00, 0x00, 0x00, 0x00,
  0x00, 0x00, 0x00, 0x00, 0x00, 0x00, 0x00, 0x00, 0x00, 0x00, 0x00, 0x00, 0x00, 0x00, 0x00, 0x00,
  0x00, 0x00, 0x00, 0x00, 0x00, 0x00, 0x00, 0x00, 0x00, 0x00, 0x00, 0x00, 0x00, 0x00, 0x00, 0x00,
  0x00, 0x00, 0x00, 0x00, 0x00, 0x00, 0x00, 0x00, 0x00, 0x00, 0x00, 0x00, 0x00, 0x00, 0x00, 0x00,
  0x32, 0xA2, 0xDF, 0x2D, 0x99, 0x2B, 0x00, 0x00, 0xCD, 0x5D, 0x20, 0xD2, 0x66, 0xD4, 0xFF, 0xFF,
  0x00, 0x00, 0x00, 0x00, 0x00, 0x00, 0x00, 0x00, 0x00, 0x00, 0x00, 0x00, 0x00, 0x00, 0x00, 0x00,
  0x00, 0x00, 0x00, 0x00, 0x00, 0x00, 0x00, 0x00, 0x00, 0x00, 0x00, 0x00, 0x00, 0x00, 0x00, 0x00,
  0x00, 0x00, 0x00, 0x00, 0x00, 0x00, 0x00, 0x00, 0x00, 0x00, 0x00, 0x00, 0x00, 0x00, 0x00, 0x00,
  0x00, 0x00, 0x00, 0x00, 0x00, 0x00, 0x00, 0x00, 0x00, 0x00, 0x00, 0x00, 0x00, 0x00, 0x00, 0x00,
  0x00, 0x00, 0x00, 0x00, 0x00, 0x00, 0x00, 0x00, 0x00, 0x00, 0x00, 0x00, 0x00, 0x00, 0x00, 0x00,
  0x00, 0x00, 0x00, 0x00, 0x00, 0x00, 0x00, 0x00, 0x00, 0x00, 0x00, 0x00, 0x00, 0x00, 0x00, 0x00,
  0x00, 0x00, 0x00, 0x00, 0x00, 0x00, 0x00, 0x00, 0x00, 0x00, 0x00, 0x00, 0x00, 0x00, 0x00, 0x00,
  0x00, 0x00, 0x00, 0x00, 0x00, 0x00, 0x00, 0x00, 0x00, 0x00, 0x00, 0x00, 0x00, 0x00, 0x00, 0x00,
  0x00, 0x00, 0x00, 0x00, 0x00, 0x00, 0x00, 0x00, 0x00, 0x00, 0x00, 0x00, 0x00, 0x00, 0x00, 0x00,
  0x00, 0x00, 0x00, 0x00, 0x00, 0x00, 0x00, 0x00, 0x00, 0x00, 0x00, 0x00, 0x00, 0x00, 0x00, 0x00,
  0x00, 0x00, 0x00, 0x00, 0x00, 0x00, 0x00, 0x00, 0x00, 0x00, 0x00, 0x00, 0x00, 0x00, 0x00, 0x00,
  0x00, 0x00, 0x00, 0x00, 0x00, 0x00, 0x00, 0x00, 0x00, 0x00, 0x00, 0x00, 0x00, 0x00, 0x00, 0x00,
  0x00, 0x00, 0x00, 0x00, 0x00, 0x00, 0x00, 0x00, 0x00, 0x00, 0x00, 0x00, 0x00, 0x00, 0x00, 0x00,
  0x00, 0x00, 0x00, 0x00, 0x00, 0x00, 0x00, 0x00, 0x00, 0x00, 0x00, 0x00, 0x00, 0x00, 0x00, 0x00,
  0x00, 0x00, 0x00, 0x00, 0x00, 0x00, 0x00, 0x00, 0x00, 0x00, 0x00, 0x00, 0x00, 0x00, 0x00, 0x00,
  0x20, 0x10, 0x00, 0x00, 0x44, 0x10, 0x00, 0x00, 0x90, 0x31, 0x00, 0x00, 0x50, 0x10, 0x00, 0x00,
  0x75, 0x10, 0x00, 0x00, 0x90, 0x31, 0x00, 0x00, 0x80, 0x10, 0x00, 0x00, 0xA4, 0x10, 0x00, 0x00,
  0x90, 0x31, 0x00, 0x00, 0xB0, 0x10, 0x00, 0x00, 0xD9, 0x10, 0x00, 0x00, 0x90, 0x31, 0x00, 0x00,
  0xE0, 0x10, 0x00, 0x00, 0x0A, 0x11, 0x00, 0x00, 0x90, 0x31, 0x00, 0x00, 0x10, 0x11, 0x00, 0x00,
  0x39, 0x11, 0x00, 0x00, 0x90, 0x31, 0x00, 0x00, 0x40, 0x11, 0x00, 0x00, 0x5A, 0x11, 0x00, 0x00,
  0x88, 0x31, 0x00, 0x00, 0x60, 0x11, 0x00, 0x00, 0x7D, 0x11, 0x00, 0x00, 0x88, 0x31, 0x00, 0x00,
  0x90, 0x11, 0x00, 0x00, 0xAA, 0x11, 0x00, 0x00, 0x88, 0x31, 0x00, 0x00, 0x20, 0x12, 0x00, 0x00,
  0x82, 0x12, 0x00, 0x00, 0x80, 0x31, 0x00, 0x00, 0x90, 0x12, 0x00, 0x00, 0xA8, 0x13, 0x00, 0x00,
  0xB8, 0x31, 0x00, 0x00, 0xB0, 0x13, 0x00, 0x00, 0x22, 0x14, 0x00, 0x00, 0xB0, 0x31, 0x00, 0x00,
  0x30, 0x14, 0x00, 0x00, 0xD1, 0x18, 0x00, 0x00, 0xA8, 0x31, 0x00, 0x00, 0xE0, 0x18, 0x00, 0x00,
  0x93, 0x19, 0x00, 0x00, 0x10, 0x31, 0x00, 0x00, 0xA0, 0x19, 0x00, 0x00, 0x3D, 0x1A, 0x00, 0x00,
  0xA0, 0x31, 0x00, 0x00, 0x50, 0x1A, 0x00, 0x00, 0xAD, 0x1A, 0x00, 0x00, 0x60, 0x31, 0x00, 0x00,
  0xC0, 0x1A, 0x00, 0x00, 0x20, 0x1B, 0x00, 0x00, 0x40, 0x31, 0x00, 0x00, 0x30, 0x1B, 0x00, 0x00,
  0x8D, 0x1B, 0x00, 0x00, 0x18, 0x31, 0x00, 0x00, 0xA0, 0x1B, 0x00, 0x00, 0x1C, 0x1C, 0x00, 0x00,
  0x10, 0x31, 0x00, 0x00, 0x30, 0x1C, 0x00, 0x00, 0xA0, 0x1C, 0x00, 0x00, 0x10, 0x31, 0x00, 0x00,
  0xB0, 0x1C, 0x00, 0x00, 0x80, 0x1D, 0x00, 0x00, 0x08, 0x31, 0x00, 0x00, 0x90, 0x1D, 0x00, 0x00,
  0x39, 0x1E, 0x00, 0x00, 0x08, 0x31, 0x00, 0x00, 0x40, 0x1E, 0x00, 0x00, 0x73, 0x1F, 0x00, 0x00,
  0x98, 0x31, 0x00, 0x00, 0x80, 0x1F, 0x00, 0x00, 0xC6, 0x20, 0x00, 0x00, 0x98, 0x31, 0x00, 0x00,
  0x08, 0x21, 0x00, 0x00, 0x2F, 0x21, 0x00, 0x00, 0x00, 0x31, 0x00, 0x00, 0x60, 0x22, 0x00, 0x00,
  0x75, 0x22, 0x00, 0x00, 0x38, 0x31, 0x00, 0x00, 0x64, 0x60, 0x00, 0x00, 0x82, 0x60, 0x00, 0x00,
  0xF8, 0x30, 0x00, 0x00, 0x00, 0x00, 0x00, 0x00, 0x00, 0x00, 0x00, 0x00, 0x00, 0x00, 0x00, 0x00,
  0x00, 0x00, 0x00, 0x00, 0x00, 0x00, 0x00, 0x00, 0x00, 0x00, 0x00, 0x00, 0x00, 0x00, 0x00, 0x00,
  0x00, 0x00, 0x00, 0x00, 0x00, 0x00, 0x00, 0x00, 0x00, 0x00, 0x00, 0x00, 0x00, 0x00, 0x00, 0x00,
  0x00, 0x00, 0x00, 0x00, 0x00, 0x00, 0x00, 0x00, 0x00, 0x00, 0x00, 0x00, 0x00, 0x00, 0x00, 0x00,
  0x00, 0x00, 0x00, 0x00, 0x00, 0x00, 0x00, 0x00, 0x00, 0x00, 0x00, 0x00, 0x00, 0x00, 0x00, 0x00,
  0x00, 0x00, 0x00, 0x00, 0x00, 0x00, 0x00, 0x00, 0x00, 0x00, 0x00, 0x00, 0x00, 0x00, 0x00, 0x00,
  0x00, 0x00, 0x00, 0x00, 0x00, 0x00, 0x00, 0x00, 0x00, 0x00, 0x00, 0x00, 0x00, 0x00, 0x00, 0x00,
  0x00, 0x00, 0x00, 0x00, 0x00, 0x00, 0x00, 0x00, 0x00, 0x00, 0x00, 0x00, 0x00, 0x00, 0x00, 0x00,
  0x00, 0x00, 0x00, 0x00, 0x00, 0x00, 0x00, 0x00, 0x00, 0x00, 0x00, 0x00, 0x00, 0x00, 0x00, 0x00,
  0x00, 0x00, 0x00, 0x00, 0x00, 0x00, 0x00, 0x00, 0x00, 0x00, 0x00, 0x00, 0x00, 0x00, 0x00, 0x00,
  0x00, 0x00, 0x00, 0x00, 0x00, 0x00, 0x00, 0x00, 0x00, 0x00, 0x00, 0x00, 0x00, 0x00, 0x00, 0x00,
  0x00, 0x00, 0x00, 0x00, 0x00, 0x00, 0x00, 0x00, 0x00, 0x00, 0x00, 0x00, 0x00, 0x00, 0x00, 0x00,
  0x00, 0x00, 0x00, 0x00, 0x00, 0x00, 0x00, 0x00, 0x48, 0x8B, 0x05, 0xF1, 0xE0, 0xFF, 0xFF, 0x48,
  0xBA, 0x32, 0xA2, 0xDF, 0x2D, 0x99, 0x2B, 0x00, 0x00, 0x48, 0x85, 0xC0, 0x74, 0x05, 0x48, 0x3B,
  0xC2, 0x75, 0x2F, 0x48, 0x8D, 0x0D, 0xD6, 0xE0, 0xFF, 0xFF, 0x48, 0xB8, 0x20, 0x03, 0x00, 0x00,
  0x80, 0xF7, 0xFF, 0xFF, 0x48, 0x8B, 0x00, 0x48, 0x33, 0xC1, 0x48, 0xB9, 0xFF, 0xFF, 0xFF, 0xFF,
  0xFF, 0xFF, 0x00, 0x00, 0x48, 0x23, 0xC1, 0x48, 0x0F, 0x44, 0xC2, 0x48, 0x89, 0x05, 0xAE, 0xE0,
  0xFF, 0xFF, 0x48, 0xF7, 0xD0, 0x48, 0x89, 0x05, 0xAC, 0xE0, 0xFF, 0xFF, 0xC3, 0xCC, 0xCC, 0xCC,
  0xCC, 0xCC, 0xCC, 0xCC, 0x48, 0x83, 0xEC, 0x28, 0x4C, 0x8B, 0xC2, 0x4C, 0x8B, 0xC9, 0xE8, 0x95,
  0xFF, 0xFF, 0xFF, 0x49, 0x8B, 0xD0, 0x49, 0x8B, 0xC9, 0x48, 0x83, 0xC4, 0x28, 0xE9, 0x0E, 0xB2,
  0xFF, 0xFF, 0xCC, 0xCC, 0xD8, 0x60, 0x00, 0x00, 0x00, 0x00, 0x00, 0x00, 0x00, 0x00, 0x00, 0x00,
  0x0C, 0x62, 0x00, 0x00, 0x18, 0x30, 0x00, 0x00, 0xC0, 0x60, 0x00, 0x00, 0x00, 0x00, 0x00, 0x00,
  0x00, 0x00, 0x00, 0x00, 0x4A, 0x62, 0x00, 0x00, 0x00, 0x30, 0x00, 0x00, 0x00, 0x00, 0x00, 0x00,
  0x00, 0x00, 0x00, 0x00, 0x00, 0x00, 0x00, 0x00, 0x00, 0x00, 0x00, 0x00, 0x00, 0x00, 0x00, 0x00,
  0x1A, 0x62, 0x00, 0x00, 0x00, 0x00, 0x00, 0x00, 0x32, 0x62, 0x00, 0x00, 0x00, 0x00, 0x00, 0x00,
  0x00, 0x00, 0x00, 0x00, 0x00, 0x00, 0x00, 0x00, 0x82, 0x61, 0x00, 0x00, 0x00, 0x00, 0x00, 0x00,
  0x94, 0x61, 0x00, 0x00, 0x00, 0x00, 0x00, 0x00, 0xA4, 0x61, 0x00, 0x00, 0x00, 0x00, 0x00, 0x00,
  0xBA, 0x61, 0x00, 0x00, 0x00, 0x00, 0x00, 0x00, 0x70, 0x61, 0x00, 0x00, 0x00, 0x00, 0x00, 0x00,
  0xE4, 0x61, 0x00, 0x00, 0x00, 0x00, 0x00, 0x00, 0xF0, 0x61, 0x00, 0x00, 0x00, 0x00, 0x00, 0x00,
  0xFC, 0x61, 0x00, 0x00, 0x00, 0x00, 0x00, 0x00, 0x58, 0x61, 0x00, 0x00, 0x00, 0x00, 0x00, 0x00,
  0xD2, 0x61, 0x00, 0x00, 0x00, 0x00, 0x00, 0x00, 0x40, 0x61, 0x00, 0x00, 0x00, 0x00, 0x00, 0x00,
  0x52, 0x62, 0x00, 0x00, 0x00, 0x00, 0x00, 0x00, 0x00, 0x00, 0x00, 0x00, 0x00, 0x00, 0x00, 0x00,
  0xE5, 0x01, 0x49, 0x6F, 0x44, 0x65, 0x6C, 0x65, 0x74, 0x65, 0x53, 0x79, 0x6D, 0x62, 0x6F, 0x6C,
  0x69, 0x63, 0x4C, 0x69, 0x6E, 0x6B, 0x00, 0x00, 0xBA, 0x05, 0x52, 0x74, 0x6C, 0x49, 0x6E, 0x69,
  0x74, 0x55, 0x6E, 0x69, 0x63, 0x6F, 0x64, 0x65, 0x53, 0x74, 0x72, 0x69, 0x6E, 0x67, 0x00, 0x00,
  0xE3, 0x01, 0x49, 0x6F, 0x44, 0x65, 0x6C, 0x65, 0x74, 0x65, 0x44, 0x65, 0x76, 0x69, 0x63, 0x65,
  0x00, 0x00, 0xED, 0x03, 0x4D, 0x6D, 0x55, 0x6E, 0x6D, 0x61, 0x70, 0x49, 0x6F, 0x53, 0x70, 0x61,
  0x63, 0x65, 0x00, 0x00, 0xCE, 0x03, 0x4D, 0x6D, 0x4D, 0x61, 0x70, 0x49, 0x6F, 0x53, 0x70, 0x61,
  0x63, 0x65, 0x00, 0x00, 0xA3, 0x02, 0x49, 0x6F, 0x66, 0x43, 0x6F, 0x6D, 0x70, 0x6C, 0x65, 0x74,
  0x65, 0x52, 0x65, 0x71, 0x75, 0x65, 0x73, 0x74, 0x00, 0x00, 0xD8, 0x01, 0x49, 0x6F, 0x43, 0x72,
  0x65, 0x61, 0x74, 0x65, 0x53, 0x79, 0x6D, 0x62, 0x6F, 0x6C, 0x69, 0x63, 0x4C, 0x69, 0x6E, 0x6B,
  0x00, 0x00, 0xCE, 0x01, 0x49, 0x6F, 0x43, 0x72, 0x65, 0x61, 0x74, 0x65, 0x44, 0x65, 0x76, 0x69,
  0x63, 0x65, 0x00, 0x00, 0x34, 0x05, 0x52, 0x74, 0x6C, 0x41, 0x73, 0x73, 0x65, 0x72, 0x74, 0x00,
  0x3F, 0x00, 0x44, 0x62, 0x67, 0x50, 0x72, 0x69, 0x6E, 0x74, 0x00, 0x00, 0xC8, 0x02, 0x4B, 0x65,
  0x42, 0x75, 0x67, 0x43, 0x68, 0x65, 0x63, 0x6B, 0x45, 0x78, 0x00, 0x00, 0x6E, 0x74, 0x6F, 0x73,
  0x6B, 0x72, 0x6E, 0x6C, 0x2E, 0x65, 0x78, 0x65, 0x00, 0x00, 0x3A, 0x00, 0x48, 0x61, 0x6C, 0x53,
  0x65, 0x74, 0x42, 0x75, 0x73, 0x44, 0x61, 0x74, 0x61, 0x42, 0x79, 0x4F, 0x66, 0x66, 0x73, 0x65,
  0x74, 0x00, 0x16, 0x00, 0x48, 0x61, 0x6C, 0x47, 0x65, 0x74, 0x42, 0x75, 0x73, 0x44, 0x61, 0x74,
  0x61, 0x42, 0x79, 0x4F, 0x66, 0x66, 0x73, 0x65, 0x74, 0x00, 0x48, 0x41, 0x4C, 0x2E, 0x64, 0x6C,
  0x6C, 0x00, 0xBD, 0x07, 0x5F, 0x5F, 0x43, 0x5F, 0x73, 0x70, 0x65, 0x63, 0x69, 0x66, 0x69, 0x63,
  0x5F, 0x68, 0x61, 0x6E, 0x64, 0x6C, 0x65, 0x72, 0x00, 0x00, 0x00, 0x00, 0x00, 0x00, 0x00, 0x00,
  0x00, 0x00, 0x00, 0x00, 0x00, 0x00, 0x00, 0x00, 0x00, 0x00, 0x00, 0x00, 0x00, 0x00, 0x00, 0x00,
  0x00, 0x00, 0x00, 0x00, 0x00, 0x00, 0x00, 0x00, 0x00, 0x00, 0x00, 0x00, 0x00, 0x00, 0x00, 0x00,
  0x00, 0x00, 0x00, 0x00, 0x00, 0x00, 0x00, 0x00, 0x00, 0x00, 0x00, 0x00, 0x00, 0x00, 0x00, 0x00,
  0x00, 0x00, 0x00, 0x00, 0x00, 0x00, 0x00, 0x00, 0x00, 0x00, 0x00, 0x00, 0x00, 0x00, 0x00, 0x00,
  0x00, 0x00, 0x00, 0x00, 0x00, 0x00, 0x00, 0x00, 0x00, 0x00, 0x00, 0x00, 0x00, 0x00, 0x00, 0x00,
  0x00, 0x00, 0x00, 0x00, 0x00, 0x00, 0x00, 0x00, 0x00, 0x00, 0x00, 0x00, 0x00, 0x00, 0x00, 0x00,
  0x00, 0x00, 0x00, 0x00, 0x00, 0x00, 0x00, 0x00, 0x00, 0x00, 0x00, 0x00, 0x00, 0x00, 0x00, 0x00,
  0x00, 0x00, 0x00, 0x00, 0x00, 0x00, 0x00, 0x00, 0x00, 0x00, 0x00, 0x00, 0x00, 0x00, 0x00, 0x00,
  0x00, 0x00, 0x00, 0x00, 0x00, 0x00, 0x00, 0x00, 0x00, 0x00, 0x00, 0x00, 0x00, 0x00, 0x00, 0x00,
  0x00, 0x00, 0x00, 0x00, 0x00, 0x00, 0x00, 0x00, 0x00, 0x00, 0x00, 0x00, 0x00, 0x00, 0x00, 0x00,
  0x00, 0x00, 0x00, 0x00, 0x00, 0x00, 0x00, 0x00, 0x00, 0x00, 0x00, 0x00, 0x00, 0x00, 0x00, 0x00,
  0x00, 0x00, 0x00, 0x00, 0x00, 0x00, 0x00, 0x00, 0x00, 0x00, 0x00, 0x00, 0x00, 0x00, 0x00, 0x00,
  0x00, 0x00, 0x00, 0x00, 0x00, 0x00, 0x00, 0x00, 0x00, 0x00, 0x00, 0x00, 0x00, 0x00, 0x00, 0x00,
  0x00, 0x00, 0x00, 0x00, 0x00, 0x00, 0x00, 0x00, 0x00, 0x00, 0x00, 0x00, 0x00, 0x00, 0x00, 0x00,
  0x00, 0x00, 0x00, 0x00, 0x00, 0x00, 0x00, 0x00, 0x00, 0x00, 0x00, 0x00, 0x00, 0x00, 0x00, 0x00,
  0x00, 0x00, 0x00, 0x00, 0x00, 0x00, 0x00, 0x00, 0x00, 0x00, 0x00, 0x00, 0x00, 0x00, 0x00, 0x00,
  0x00, 0x00, 0x00, 0x00, 0x00, 0x00, 0x00, 0x00, 0x00, 0x00, 0x00, 0x00, 0x00, 0x00, 0x00, 0x00,
  0x00, 0x00, 0x00, 0x00, 0x00, 0x00, 0x00, 0x00, 0x00, 0x00, 0x00, 0x00, 0x00, 0x00, 0x00, 0x00,
  0x00, 0x00, 0x00, 0x00, 0x00, 0x00, 0x00, 0x00, 0x00, 0x00, 0x00, 0x00, 0x00, 0x00, 0x00, 0x00,
  0x00, 0x00, 0x00, 0x00, 0x00, 0x00, 0x00, 0x00, 0x00, 0x00, 0x00, 0x00, 0x00, 0x00, 0x00, 0x00,
  0x00, 0x00, 0x00, 0x00, 0x00, 0x00, 0x00, 0x00, 0x00, 0x00, 0x00, 0x00, 0x00, 0x00, 0x00, 0x00,
  0x00, 0x00, 0x00, 0x00, 0x00, 0x00, 0x00, 0x00, 0x00, 0x00, 0x00, 0x00, 0x00, 0x00, 0x00, 0x00,
  0x00, 0x00, 0x00, 0x00, 0x00, 0x00, 0x00, 0x00, 0x00, 0x00, 0x00, 0x00, 0x00, 0x00, 0x00, 0x00,
  0x00, 0x00, 0x00, 0x00, 0x00, 0x00, 0x00, 0x00, 0x00, 0x00, 0x00, 0x00, 0x00, 0x00, 0x00, 0x00,
  0x00, 0x00, 0x00, 0x00, 0x00, 0x00, 0x00, 0x00, 0x00, 0x00, 0x00, 0x00, 0x00, 0x00, 0x00, 0x00,
  0x00, 0x00, 0x00, 0x00, 0x00, 0x00, 0x00, 0x00, 0x00, 0x00, 0x00, 0x00, 0x00, 0x00, 0x01, 0x00,
  0x10, 0x00, 0x00, 0x00, 0x18, 0x00, 0x00, 0x80, 0x00, 0x00, 0x00, 0x00, 0x00, 0x00, 0x00, 0x00,
  0x00, 0x00, 0x00, 0x00, 0x00, 0x00, 0x01, 0x00, 0x01, 0x00, 0x00, 0x00, 0x30, 0x00, 0x00, 0x80,
  0x00, 0x00, 0x00, 0x00, 0x00, 0x00, 0x00, 0x00, 0x00, 0x00, 0x00, 0x00, 0x00, 0x00, 0x01, 0x00,
  0x09, 0x04, 0x00, 0x00, 0x48, 0x00, 0x00, 0x00, 0x60, 0x70, 0x00, 0x00, 0x44, 0x03, 0x00, 0x00,
  0x00, 0x00, 0x00, 0x00, 0x00, 0x00, 0x00, 0x00, 0x00, 0x00, 0x00, 0x00, 0x00, 0x00, 0x00, 0x00,
  0x44, 0x03, 0x34, 0x00, 0x00, 0x00, 0x56, 0x00, 0x53, 0x00, 0x5F, 0x00, 0x56, 0x00, 0x45, 0x00,
  0x52, 0x00, 0x53, 0x00, 0x49, 0x00, 0x4F, 0x00, 0x4E, 0x00, 0x5F, 0x00, 0x49, 0x00, 0x4E, 0x00,
  0x46, 0x00, 0x4F, 0x00, 0x00, 0x00, 0x00, 0x00, 0xBD, 0x04, 0xEF, 0xFE, 0x00, 0x00, 0x01, 0x00,
  0x01, 0x00, 0x00, 0x00, 0x00, 0x00, 0x00, 0x00, 0x01, 0x00, 0x00, 0x00, 0x00, 0x00, 0x00, 0x00,
  0x3F, 0x00, 0x00, 0x00, 0x00, 0x00, 0x00, 0x00, 0x04, 0x00, 0x04, 0x00, 0x02, 0x00, 0x00, 0x00,
  0x00, 0x00, 0x00, 0x00, 0x00, 0x00, 0x00, 0x00, 0x00, 0x00, 0x00, 0x00, 0xA4, 0x02, 0x00, 0x00,
  0x01, 0x00, 0x53, 0x00, 0x74, 0x00, 0x72, 0x00, 0x69, 0x00, 0x6E, 0x00, 0x67, 0x00, 0x46, 0x00,
  0x69, 0x00, 0x6C, 0x00, 0x65, 0x00, 0x49, 0x00, 0x6E, 0x00, 0x66, 0x00, 0x6F, 0x00, 0x00, 0x00,
  0x80, 0x02, 0x00, 0x00, 0x01, 0x00, 0x30, 0x00, 0x34, 0x00, 0x30, 0x00, 0x39, 0x00, 0x30, 0x00,
  0x34, 0x00, 0x62, 0x00, 0x30, 0x00, 0x00, 0x00, 0x30, 0x00, 0x0C, 0x00, 0x01, 0x00, 0x43, 0x00,
  0x6F, 0x00, 0x6D, 0x00, 0x6D, 0x00, 0x65, 0x00, 0x6E, 0x00, 0x74, 0x00, 0x73, 0x00, 0x00, 0x00,
  0x66, 0x00, 0x72, 0x00, 0x65, 0x00, 0x65, 0x00, 0x20, 0x00, 0x74, 0x00, 0x6F, 0x00, 0x20, 0x00,
  0x75, 0x00, 0x73, 0x00, 0x65, 0x00, 0x00, 0x00, 0x3C, 0x00, 0x0E, 0x00, 0x01, 0x00, 0x43, 0x00,
  0x6F, 0x00, 0x6D, 0x00, 0x70, 0x00, 0x61, 0x00, 0x6E, 0x00, 0x79, 0x00, 0x4E, 0x00, 0x61, 0x00,
  0x6D, 0x00, 0x65, 0x00, 0x00, 0x00, 0x00, 0x00, 0x50, 0x00, 0x6F, 0x00, 0x72, 0x00, 0x74, 0x00,
  0x77, 0x00, 0x65, 0x00, 0x6C, 0x00, 0x6C, 0x00, 0x20, 0x00, 0x49, 0x00, 0x6E, 0x00, 0x63, 0x00,
  0x2E, 0x00, 0x00, 0x00, 0x4E, 0x00, 0x13, 0x00, 0x01, 0x00, 0x46, 0x00, 0x69, 0x00, 0x6C, 0x00,
  0x65, 0x00, 0x44, 0x00, 0x65, 0x00, 0x73, 0x00, 0x63, 0x00, 0x72, 0x00, 0x69, 0x00, 0x70, 0x00,
  0x74, 0x00, 0x69, 0x00, 0x6F, 0x00, 0x6E, 0x00, 0x00, 0x00, 0x00, 0x00, 0x6B, 0x00, 0x65, 0x00,
  0x72, 0x00, 0x6E, 0x00, 0x65, 0x00, 0x6C, 0x00, 0x20, 0x00, 0x6D, 0x00, 0x6F, 0x00, 0x64, 0x00,
  0x65, 0x00, 0x20, 0x00, 0x64, 0x00, 0x72, 0x00, 0x69, 0x00, 0x76, 0x00, 0x65, 0x00, 0x72, 0x00,
  0x00, 0x00, 0x00, 0x00, 0x30, 0x00, 0x08, 0x00, 0x01, 0x00, 0x46, 0x00, 0x69, 0x00, 0x6C, 0x00,
  0x65, 0x00, 0x56, 0x00, 0x65, 0x00, 0x72, 0x00, 0x73, 0x00, 0x69, 0x00, 0x6F, 0x00, 0x6E, 0x00,
  0x00, 0x00, 0x00, 0x00, 0x30, 0x00, 0x2E, 0x00, 0x31, 0x00, 0x2E, 0x00, 0x30, 0x00, 0x2E, 0x00,
  0x30, 0x00, 0x00, 0x00, 0x3A, 0x00, 0x0D, 0x00, 0x01, 0x00, 0x49, 0x00, 0x6E, 0x00, 0x74, 0x00,
  0x65, 0x00, 0x72, 0x00, 0x6E, 0x00, 0x61, 0x00, 0x6C, 0x00, 0x4E, 0x00, 0x61, 0x00, 0x6D, 0x00,
  0x65, 0x00, 0x00, 0x00, 0x70, 0x00, 0x6F, 0x00, 0x72, 0x00, 0x74, 0x00, 0x77, 0x00, 0x65, 0x00,
  0x6C, 0x00, 0x6C, 0x00, 0x2E, 0x00, 0x73, 0x00, 0x79, 0x00, 0x73, 0x00, 0x00, 0x00, 0x00, 0x00,
  0x86, 0x00, 0x31, 0x00, 0x01, 0x00, 0x4C, 0x00, 0x65, 0x00, 0x67, 0x00, 0x61, 0x00, 0x6C, 0x00,
  0x43, 0x00, 0x6F, 0x00, 0x70, 0x00, 0x79, 0x00, 0x72, 0x00, 0x69, 0x00, 0x67, 0x00, 0x68, 0x00,
  0x74, 0x00, 0x00, 0x00, 0x43, 0x00, 0x6F, 0x00, 0x70, 0x00, 0x79, 0x00, 0x72, 0x00, 0x69, 0x00,
  0x67, 0x00, 0x68, 0x00, 0x74, 0x00, 0x20, 0x00, 0x28, 0x00, 0x43, 0x00, 0x29, 0x00, 0x20, 0x00,
  0x32, 0x00, 0x30, 0x00, 0x31, 0x00, 0x30, 0x00, 0x20, 0x00, 0x50, 0x00, 0x6F, 0x00, 0x72, 0x00,
  0x74, 0x00, 0x77, 0x00, 0x65, 0x00, 0x6C, 0x00, 0x6C, 0x00, 0x20, 0x00, 0x41, 0x00, 0x6C, 0x00,
  0x6C, 0x00, 0x20, 0x00, 0x72, 0x00, 0x69, 0x00, 0x67, 0x00, 0x68, 0x00, 0x74, 0x00, 0x73, 0x00,
  0x20, 0x00, 0x72, 0x00, 0x65, 0x00, 0x73, 0x00, 0x65, 0x00, 0x72, 0x00, 0x76, 0x00, 0x65, 0x00,
  0x64, 0x00, 0x2E, 0x00, 0x00, 0x00, 0x00, 0x00, 0x42, 0x00, 0x0D, 0x00, 0x01, 0x00, 0x4F, 0x00,
  0x72, 0x00, 0x69, 0x00, 0x67, 0x00, 0x69, 0x00, 0x6E, 0x00, 0x61, 0x00, 0x6C, 0x00, 0x46, 0x00,
  0x69, 0x00, 0x6C, 0x00, 0x65, 0x00, 0x6E, 0x00, 0x61, 0x00, 0x6D, 0x00, 0x65, 0x00, 0x00, 0x00,
  0x70, 0x00, 0x6F, 0x00, 0x72, 0x00, 0x74, 0x00, 0x77, 0x00, 0x65, 0x00, 0x6C, 0x00, 0x6C, 0x00,
  0x2E, 0x00, 0x73, 0x00, 0x79, 0x00, 0x73, 0x00, 0x00, 0x00, 0x00, 0x00, 0x40, 0x00, 0x10, 0x00,
  0x01, 0x00, 0x50, 0x00, 0x72, 0x00, 0x6F, 0x00, 0x64, 0x00, 0x75, 0x00, 0x63, 0x00, 0x74, 0x00,
  0x4E, 0x00, 0x61, 0x00, 0x6D, 0x00, 0x65, 0x00, 0x00, 0x00, 0x00, 0x00, 0x70, 0x00, 0x6F, 0x00,
  0x72, 0x00, 0x74, 0x00, 0x77, 0x00, 0x65, 0x00, 0x6C, 0x00, 0x6C, 0x00, 0x20, 0x00, 0x64, 0x00,
  0x72, 0x00, 0x69, 0x00, 0x76, 0x00, 0x65, 0x00, 0x72, 0x00, 0x00, 0x00, 0x34, 0x00, 0x08, 0x00,
  0x01, 0x00, 0x50, 0x00, 0x72, 0x00, 0x6F, 0x00, 0x64, 0x00, 0x75, 0x00, 0x63, 0x00, 0x74, 0x00,
  0x56, 0x00, 0x65, 0x00, 0x72, 0x00, 0x73, 0x00, 0x69, 0x00, 0x6F, 0x00, 0x6E, 0x00, 0x00, 0x00,
  0x30, 0x00, 0x2E, 0x00, 0x31, 0x00, 0x2E, 0x00, 0x30, 0x00, 0x2E, 0x00, 0x30, 0x00, 0x00, 0x00,
  0x44, 0x00, 0x00, 0x00, 0x01, 0x00, 0x56, 0x00, 0x61, 0x00, 0x72, 0x00, 0x46, 0x00, 0x69, 0x00,
  0x6C, 0x00, 0x65, 0x00, 0x49, 0x00, 0x6E, 0x00, 0x66, 0x00, 0x6F, 0x00, 0x00, 0x00, 0x00, 0x00,
  0x24, 0x00, 0x04, 0x00, 0x00, 0x00, 0x54, 0x00, 0x72, 0x00, 0x61, 0x00, 0x6E, 0x00, 0x73, 0x00,
  0x6C, 0x00, 0x61, 0x00, 0x74, 0x00, 0x69, 0x00, 0x6F, 0x00, 0x6E, 0x00, 0x00, 0x00, 0x00, 0x00,
  0x09, 0x04, 0xB0, 0x04, 0x00, 0x00, 0x00, 0x00, 0x00, 0x00, 0x00, 0x00, 0x00, 0x00, 0x00, 0x00,
  0x00, 0x00, 0x00, 0x00, 0x00, 0x00, 0x00, 0x00, 0x00, 0x00, 0x00, 0x00, 0x00, 0x00, 0x00, 0x00,
  0x00, 0x00, 0x00, 0x00, 0x00, 0x00, 0x00, 0x00, 0x00, 0x00, 0x00, 0x00, 0x00, 0x00, 0x00, 0x00,
  0x00, 0x00, 0x00, 0x00, 0x00, 0x00, 0x00, 0x00, 0x00, 0x00, 0x00, 0x00, 0x00, 0x00, 0x00, 0x00,
  0x00, 0x00, 0x00, 0x00, 0x00, 0x00, 0x00, 0x00, 0x00, 0x00, 0x00, 0x00, 0x00, 0x00, 0x00, 0x00,
  0x00, 0x00, 0x00, 0x00, 0x00, 0x00, 0x00, 0x00, 0x00, 0x00, 0x00, 0x00, 0x00, 0x00, 0x00, 0x00,
  0xD0, 0x1B, 0x00, 0x00, 0x00, 0x02, 0x02, 0x00, 0x30, 0x82, 0x1B, 0xC1, 0x06, 0x09, 0x2A, 0x86,
  0x48, 0x86, 0xF7, 0x0D, 0x01, 0x07, 0x02, 0xA0, 0x82, 0x1B, 0xB2, 0x30, 0x82, 0x1B, 0xAE, 0x02,
  0x01, 0x01, 0x31, 0x0B, 0x30, 0x09, 0x06, 0x05, 0x2B, 0x0E, 0x03, 0x02, 0x1A, 0x05, 0x00, 0x30,
  0x68, 0x06, 0x0A, 0x2B, 0x06, 0x01, 0x04, 0x01, 0x82, 0x37, 0x02, 0x01, 0x04, 0xA0, 0x5A, 0x30,
  0x58, 0x30, 0x33, 0x06, 0x0A, 0x2B, 0x06, 0x01, 0x04, 0x01, 0x82, 0x37, 0x02, 0x01, 0x0F, 0x30,
  0x25, 0x03, 0x01, 0x00, 0xA0, 0x20, 0xA2, 0x1E, 0x80, 0x1C, 0x00, 0x3C, 0x00, 0x3C, 0x00, 0x3C,
  0x00, 0x4F, 0x00, 0x62, 0x00, 0x73, 0x00, 0x6F, 0x00, 0x6C, 0x00, 0x65, 0x00, 0x74, 0x00, 0x65,
  0x00, 0x3E, 0x00, 0x3E, 0x00, 0x3E, 0x30, 0x21, 0x30, 0x09, 0x06, 0x05, 0x2B, 0x0E, 0x03, 0x02,
  0x1A, 0x05, 0x00, 0x04, 0x14, 0xD7, 0x24, 0x66, 0x21, 0xA4, 0x38, 0x76, 0x4A, 0x98, 0xF3, 0xD6,
  0x6C, 0xE0, 0xE3, 0x93, 0xCF, 0xCE, 0xB5, 0x00, 0xD7, 0xA0, 0x82, 0x16, 0xC6, 0x30, 0x82, 0x03,
  0xA8, 0x30, 0x82, 0x02, 0x90, 0xA0, 0x03, 0x02, 0x01, 0x02, 0x02, 0x03, 0x04, 0x7A, 0x55, 0x30,
  0x0D, 0x06, 0x09, 0x2A, 0x86, 0x48, 0x86, 0xF7, 0x0D, 0x01, 0x01, 0x05, 0x05, 0x00, 0x30, 0x3E,
  0x31, 0x0B, 0x30, 0x09, 0x06, 0x03, 0x55, 0x04, 0x06, 0x13, 0x02, 0x50, 0x4C, 0x31, 0x1B, 0x30,
  0x19, 0x06, 0x03, 0x55, 0x04, 0x0A, 0x13, 0x12, 0x55, 0x6E, 0x69, 0x7A, 0x65, 0x74, 0x6F, 0x20,
  0x53, 0x70, 0x2E, 0x20, 0x7A, 0x20, 0x6F, 0x2E, 0x6F, 0x2E, 0x31, 0x12, 0x30, 0x10, 0x06, 0x03,
  0x55, 0x04, 0x03, 0x13, 0x09, 0x43, 0x65, 0x72, 0x74, 0x75, 0x6D, 0x20, 0x43, 0x41, 0x30, 0x1E,
  0x17, 0x0D, 0x30, 0x39, 0x30, 0x33, 0x30, 0x33, 0x31, 0x32, 0x35, 0x38, 0x31, 0x35, 0x5A, 0x17,
  0x0D, 0x32, 0x34, 0x30, 0x33, 0x30, 0x33, 0x31, 0x32, 0x35, 0x38, 0x31, 0x35, 0x5A, 0x30, 0x81,
  0x83, 0x31, 0x0B, 0x30, 0x09, 0x06, 0x03, 0x55, 0x04, 0x06, 0x13, 0x02, 0x50, 0x4C, 0x31, 0x22,
  0x30, 0x20, 0x06, 0x03, 0x55, 0x04, 0x0A, 0x13, 0x19, 0x55, 0x6E, 0x69, 0x7A, 0x65, 0x74, 0x6F,
  0x20, 0x54, 0x65, 0x63, 0x68, 0x6E, 0x6F, 0x6C, 0x6F, 0x67, 0x69, 0x65, 0x73, 0x20, 0x53, 0x2E,
  0x41, 0x2E, 0x31, 0x27, 0x30, 0x25, 0x06, 0x03, 0x55, 0x04, 0x0B, 0x13, 0x1E, 0x43, 0x65, 0x72,
  0x74, 0x75, 0x6D, 0x20, 0x43, 0x65, 0x72, 0x74, 0x69, 0x66, 0x69, 0x63, 0x61, 0x74, 0x69, 0x6F,
  0x6E, 0x20, 0x41, 0x75, 0x74, 0x68, 0x6F, 0x72, 0x69, 0x74, 0x79, 0x31, 0x27, 0x30, 0x25, 0x06,
  0x03, 0x55, 0x04, 0x03, 0x13, 0x1E, 0x43, 0x65, 0x72, 0x74, 0x75, 0x6D, 0x20, 0x54, 0x69, 0x6D,
  0x65, 0x2D, 0x53, 0x74, 0x61, 0x6D, 0x70, 0x69, 0x6E, 0x67, 0x20, 0x41, 0x75, 0x74, 0x68, 0x6F,
  0x72, 0x69, 0x74, 0x79, 0x30, 0x82, 0x01, 0x22, 0x30, 0x0D, 0x06, 0x09, 0x2A, 0x86, 0x48, 0x86,
  0xF7, 0x0D, 0x01, 0x01, 0x01, 0x05, 0x00, 0x03, 0x82, 0x01, 0x0F, 0x00, 0x30, 0x82, 0x01, 0x0A,
  0x02, 0x82, 0x01, 0x01, 0x00, 0xDE, 0xED, 0xA9, 0x07, 0xF4, 0x76, 0xC0, 0x5E, 0xB0, 0x0B, 0xE7,
  0x3F, 0xA0, 0x40, 0x89, 0x61, 0x24, 0x23, 0x53, 0x84, 0xA0, 0x02, 0xF5, 0xD3, 0xB1, 0x33, 0xEC,
  0x4F, 0x69, 0x80, 0x97, 0xAA, 0x9D, 0x18, 0x2C, 0x66, 0xCF, 0x35, 0xF8, 0xCF, 0x5C, 0x8D, 0xE3,
  0x47, 0x27, 0xE5, 0x43, 0x86, 0xE9, 0x67, 0x66, 0x3C, 0x78, 0xD6, 0xE3, 0xE9, 0x04, 0x34, 0x3D,
  0xCF, 0x05, 0x64, 0x32, 0x2A, 0xA6, 0xFB, 0x65, 0xAB, 0xC0, 0xB1, 0x21, 0xCF, 0x77, 0xA7, 0x7B,
  0x61, 0xB6, 0x6D, 0xD6, 0xD2, 0x7F, 0xBB, 0xCD, 0x55, 0xD8, 0x03, 0x3D, 0xB1, 0x92, 0x15, 0xF1,
  0xD2, 0x42, 0x90, 0x5E, 0x0A, 0x1C, 0x00, 0xDD, 0x7E, 0xA2, 0xF2, 0x4C, 0x05, 0x40, 0x12, 0x0D,
  0x1D, 0x1B, 0xE3, 0x1F, 0x7A, 0x0B, 0x0F, 0xD0, 0x28, 0x2E, 0xDC, 0x4C, 0xEC, 0x5E, 0xB0, 0xA1,
  0xCF, 0xC3, 0x55, 0x76, 0x8F, 0xE4, 0x7B, 0x77, 0xFF, 0xE8, 0x85, 0x15, 0xAB, 0xC8, 0xF1, 0x15,
  0x3D, 0x8D, 0xC7, 0xBB, 0x2E, 0xBE, 0xBC, 0x39, 0x3D, 0x83, 0x9A, 0xA7, 0x73, 0x10, 0xFF, 0x03,
  0x28, 0xCF, 0x1D, 0x77, 0x90, 0x1E, 0x7B, 0x35, 0x99, 0xB7, 0x4C, 0x01, 0x1F, 0x1A, 0x36, 0xC1,
  0xB8, 0x99, 0x83, 0x52, 0x54, 0x66, 0xD7, 0xD6, 0x1A, 0x52, 0x12, 0x9F, 0x47, 0x2C, 0x99, 0x29,
  0x85, 0x56, 0xC6, 0xF4, 0x73, 0xC0, 0x9F, 0xAC, 0xD9, 0x78, 0x87, 0x7D, 0xE8, 0x1E, 0xC6, 0x95,
  0x40, 0xA6, 0x79, 0xD2, 0xB8, 0xA4, 0xC1, 0x16, 0xAB, 0x6A, 0x98, 0x05, 0x71, 0x4A, 0x63, 0xED,
  0xCA, 0x98, 0x6C, 0x5D, 0x45, 0x97, 0x52, 0x95, 0xF4, 0x66, 0x26, 0xC8, 0x73, 0xEF, 0xA5, 0xDC,
  0x09, 0xCF, 0xEB, 0xA4, 0x7B, 0x4B, 0xF4, 0x9F, 0xEA, 0x1B, 0x0F, 0x55, 0x1C, 0x74, 0xAD, 0xB1,
  0xC6, 0x0E, 0xB3, 0xEA, 0xCD, 0x02, 0x03, 0x01, 0x00, 0x01, 0xA3, 0x69, 0x30, 0x67, 0x30, 0x16,
  0x06, 0x03, 0x55, 0x1D, 0x25, 0x01, 0x01, 0xFF, 0x04, 0x0C, 0x30, 0x0A, 0x06, 0x08, 0x2B, 0x06,
  0x01, 0x05, 0x05, 0x07, 0x03, 0x08, 0x30, 0x2C, 0x06, 0x03, 0x55, 0x1D, 0x1F, 0x04, 0x25, 0x30,
  0x23, 0x30, 0x21, 0xA0, 0x1F, 0xA0, 0x1D, 0x86, 0x1B, 0x68, 0x74, 0x74, 0x70, 0x3A, 0x2F, 0x2F,
  0x63, 0x72, 0x6C, 0x2E, 0x63, 0x65, 0x72, 0x74, 0x75, 0x6D, 0x2E, 0x70, 0x6C, 0x2F, 0x63, 0x61,
  0x2E, 0x63, 0x72, 0x6C, 0x30, 0x1F, 0x06, 0x03, 0x55, 0x1D, 0x11, 0x04, 0x18, 0x30, 0x16, 0x86,
  0x14, 0x68, 0x74, 0x74, 0x70, 0x3A, 0x2F, 0x2F, 0x74, 0x73, 0x61, 0x2E, 0x63, 0x65, 0x72, 0x74,
  0x75, 0x6D, 0x2E, 0x70, 0x6C, 0x30, 0x0D, 0x06, 0x09, 0x2A, 0x86, 0x48, 0x86, 0xF7, 0x0D, 0x01,
  0x01, 0x05, 0x05, 0x00, 0x03, 0x82, 0x01, 0x01, 0x00, 0xAA, 0x8B, 0x1B, 0xA2, 0xEC, 0x85, 0x45,
  0xEB, 0x38, 0x8B, 0x0A, 0x4D, 0x78, 0xCF, 0x78, 0x89, 0x53, 0x10, 0xDA, 0x57, 0x5A, 0x5B, 0x07,
  0x5B, 0x27, 0x0C, 0xC9, 0xD9, 0xB9, 0xC4, 0x0A, 0x2A, 0x67, 0xAC, 0xBF, 0x07, 0xAB, 0x35, 0xC1,
  0xB4, 0x0E, 0x6F, 0x79, 0x4C, 0x7B, 0xBF, 0x13, 0xBF, 0xFA, 0x76, 0xD5, 0x6E, 0xAE, 0xCD, 0xA1,
  0x14, 0x99, 0x5F, 0xF2, 0x04, 0x81, 0x14, 0x57, 0x91, 0x04, 0xE7, 0x8B, 0x93, 0x45, 0xAE, 0x87,
  0xF2, 0xB9, 0xE3, 0x5A, 0xE8, 0x7A, 0x35, 0x91, 0x7C, 0x3A, 0x56, 0x0E, 0x59, 0xB7, 0xC7, 0x0D,
  0xA6, 0x35, 0x1B, 0xCD, 0x9C, 0xD0, 0xE6, 0x55, 0x3A, 0xFE, 0x1B, 0x39, 0x48, 0xC7, 0x5F, 0x9A,
  0x21, 0x96, 0xFD, 0x1C, 0xB2, 0x73, 0x52, 0xC4, 0xFE, 0xF1, 0x63, 0xB3, 0x52, 0xAF, 0xE4, 0x24,
  0xE5, 0xBB, 0x67, 0x90, 0x67, 0x42, 0x45, 0xB6, 0x76, 0xAE, 0x13, 0xE7, 0x22, 0xB7, 0x07, 0xCB,
  0x96, 0x46, 0x01, 0xE8, 0xBE, 0x3D, 0x0D, 0x0D, 0xE7, 0x20, 0x7E, 0x46, 0x40, 0x13, 0x89, 0x96,
  0x2F, 0x54, 0xCA, 0x34, 0x53, 0x13, 0x27, 0x7F, 0xEC, 0xEF, 0x66, 0xC4, 0xB1, 0x08, 0xF7, 0x32,
  0x22, 0xC2, 0x14, 0xA9, 0x7F, 0x56, 0xF9, 0x31, 0xEE, 0xD4, 0x2F, 0xAD, 0x79, 0x21, 0x3D, 0x11,
  0x33, 0xF7, 0xD3, 0xAE, 0xE8, 0xCB, 0xBC, 0x5B, 0xCF, 0x16, 0xF6, 0x8B, 0x68, 0x4F, 0x0D, 0x9C,
  0xF4, 0x6C, 0xB8, 0x28, 0x58, 0xE3, 0x48, 0x96, 0x95, 0xD4, 0x24, 0x92, 0x57, 0x94, 0x70, 0x3C,
  0x6B, 0xDA, 0x3A, 0xE8, 0xCE, 0x9B, 0xD2, 0x3A, 0x2B, 0x13, 0xE0, 0xFD, 0x82, 0x00, 0x57, 0x7F,
  0x0D, 0xDC, 0x56, 0xD0, 0xA9, 0x45, 0xBC, 0xD9, 0x2B, 0x92, 0x17, 0xA7, 0x16, 0x6D, 0x25, 0x6F,
  0xF3, 0x67, 0x3D, 0xA7, 0xBE, 0xE7, 0x60, 0x9F, 0x2A, 0x30, 0x82, 0x04, 0x0D, 0x30, 0x82, 0x02,
  0xF5, 0xA0, 0x03, 0x02, 0x01, 0x02, 0x02, 0x0B, 0x04, 0x00, 0x00, 0x00, 0x00, 0x01, 0x23, 0x9E,
  0x0F, 0xAC, 0xB3, 0x30, 0x0D, 0x06, 0x09, 0x2A, 0x86, 0x48, 0x86, 0xF7, 0x0D, 0x01, 0x01, 0x05,
  0x05, 0x00, 0x30, 0x57, 0x31, 0x0B, 0x30, 0x09, 0x06, 0x03, 0x55, 0x04, 0x06, 0x13, 0x02, 0x42,
  0x45, 0x31, 0x19, 0x30, 0x17, 0x06, 0x03, 0x55, 0x04, 0x0A, 0x13, 0x10, 0x47, 0x6C, 0x6F, 0x62,
  0x61, 0x6C, 0x53, 0x69, 0x67, 0x6E, 0x20, 0x6E, 0x76, 0x2D, 0x73, 0x61, 0x31, 0x10, 0x30, 0x0E,
  0x06, 0x03, 0x55, 0x04, 0x0B, 0x13, 0x07, 0x52, 0x6F, 0x6F, 0x74, 0x20, 0x43, 0x41, 0x31, 0x1B,
  0x30, 0x19, 0x06, 0x03, 0x55, 0x04, 0x03, 0x13, 0x12, 0x47, 0x6C, 0x6F, 0x62, 0x61, 0x6C, 0x53,
  0x69, 0x67, 0x6E, 0x20, 0x52, 0x6F, 0x6F, 0x74, 0x20, 0x43, 0x41, 0x30, 0x1E, 0x17, 0x0D, 0x39,
  0x39, 0x30, 0x31, 0x32, 0x38, 0x31, 0x33, 0x30, 0x30, 0x30, 0x30, 0x5A, 0x17, 0x0D, 0x31, 0x37,
  0x30, 0x31, 0x32, 0x37, 0x31, 0x32, 0x30, 0x30, 0x30, 0x30, 0x5A, 0x30, 0x81, 0x81, 0x31, 0x0B,
  0x30, 0x09, 0x06, 0x03, 0x55, 0x04, 0x06, 0x13, 0x02, 0x42, 0x45, 0x31, 0x19, 0x30, 0x17, 0x06,
  0x03, 0x55, 0x04, 0x0A, 0x13, 0x10, 0x47, 0x6C, 0x6F, 0x62, 0x61, 0x6C, 0x53, 0x69, 0x67, 0x6E,
  0x20, 0x6E, 0x76, 0x2D, 0x73, 0x61, 0x31, 0x25, 0x30, 0x23, 0x06, 0x03, 0x55, 0x04, 0x0B, 0x13,
  0x1C, 0x50, 0x72, 0x69, 0x6D, 0x61, 0x72, 0x79, 0x20, 0x4F, 0x62, 0x6A, 0x65, 0x63, 0x74, 0x20,
  0x50, 0x75, 0x62, 0x6C, 0x69, 0x73, 0x68, 0x69, 0x6E, 0x67, 0x20, 0x43, 0x41, 0x31, 0x30, 0x30,
  0x2E, 0x06, 0x03, 0x55, 0x04, 0x03, 0x13, 0x27, 0x47, 0x6C, 0x6F, 0x62, 0x61, 0x6C, 0x53, 0x69,
  0x67, 0x6E, 0x20, 0x50, 0x72, 0x69, 0x6D, 0x61, 0x72, 0x79, 0x20, 0x4F, 0x62, 0x6A, 0x65, 0x63,
  0x74, 0x20, 0x50, 0x75, 0x62, 0x6C, 0x69, 0x73, 0x68, 0x69, 0x6E, 0x67, 0x20, 0x43, 0x41, 0x30,
  0x82, 0x01, 0x22, 0x30, 0x0D, 0x06, 0x09, 0x2A, 0x86, 0x48, 0x86, 0xF7, 0x0D, 0x01, 0x01, 0x01,
  0x05, 0x00, 0x03, 0x82, 0x01, 0x0F, 0x00, 0x30, 0x82, 0x01, 0x0A, 0x02, 0x82, 0x01, 0x01, 0x00,
  0xA2, 0x9B, 0x75, 0x2A, 0xA7, 0x13, 0xBA, 0x09, 0x71, 0x24, 0x18, 0xDF, 0xA1, 0x06, 0x62, 0x29,
  0x12, 0x9E, 0xDC, 0x9E, 0x75, 0x73, 0xE8, 0xDF, 0x56, 0x57, 0x69, 0x96, 0x13, 0x56, 0x4F, 0xF2,
  0xC8, 0xBC, 0x01, 0x58, 0xED, 0x26, 0x86, 0x72, 0x0B, 0x60, 0xF5, 0x19, 0xC5, 0x55, 0x03, 0x57,
  0x9B, 0xB9, 0x10, 0xC9, 0xA1, 0xD4, 0x74, 0x40, 0xFF, 0x6C, 0x00, 0xE8, 0xE6, 0x53, 0x37, 0xFE,
  0xB7, 0xDA, 0x79, 0x3E, 0xB8, 0x52, 0x38, 0xE9, 0x81, 0x2C, 0x9F, 0x0E, 0x33, 0x52, 0xA6, 0xCD,
  0x70, 0xCE, 0x4A, 0x5D, 0x62, 0xF4, 0xD1, 0x67, 0x5E, 0xBC, 0x97, 0x4A, 0x07, 0xCA, 0xBC, 0xDD,
  0x8D, 0x47, 0xB1, 0xCD, 0xF1, 0x65, 0x5B, 0x85, 0x01, 0xB0, 0x4B, 0x6B, 0xDE, 0xCD, 0x8E, 0x2E,
  0xF5, 0x50, 0xE8, 0xA3, 0x9C, 0x9D, 0x26, 0x98, 0x6B, 0x36, 0x63, 0x41, 0x03, 0x70, 0x44, 0xF0,
  0x5F, 0xE2, 0x25, 0x75, 0x79, 0x50, 0x7D, 0x5F, 0xA1, 0x06, 0xA2, 0x46, 0x0C, 0x55, 0x95, 0x47,
  0x14, 0xD3, 0x91, 0x46, 0x86, 0x68, 0x99, 0xE7, 0x27, 0xF4, 0x94, 0xEC, 0x9A, 0x41, 0x51, 0xF7,
  0x96, 0xD4, 0x7A, 0x8C, 0xE1, 0x44, 0x97, 0x68, 0x71, 0x03, 0xD8, 0x58, 0x6F, 0xBD, 0xB4, 0x10,
  0x42, 0xEE, 0x0D, 0x66, 0x75, 0x46, 0x8B, 0x44, 0x96, 0xD2, 0x30, 0x00, 0x12, 0x07, 0x63, 0xF7,
  0x44, 0x9B, 0x01, 0x70, 0xCA, 0x56, 0x6F, 0x9C, 0x58, 0x97, 0x2A, 0x27, 0x17, 0x8B, 0x2E, 0x71,
  0x52, 0x6D, 0x46, 0xAB, 0xA7, 0x2B, 0x0F, 0x7F, 0x16, 0x48, 0x64, 0xC8, 0x52, 0xFA, 0x06, 0x17,
  0x00, 0x07, 0x74, 0xD7, 0x45, 0xB3, 0x0C, 0xF5, 0x78, 0x95, 0x73, 0xE8, 0x0A, 0xEE, 0xC4, 0xE0,
  0x72, 0x8C, 0x1E, 0x11, 0xAA, 0x1E, 0xBB, 0x5E, 0xCE, 0xF9, 0xB4, 0x00, 0xEE, 0x73, 0xBD, 0xCD,
  0x02, 0x03, 0x01, 0x00, 0x01, 0xA3, 0x81, 0xAE, 0x30, 0x81, 0xAB, 0x30, 0x0E, 0x06, 0x03, 0x55,
  0x1D, 0x0F, 0x01, 0x01, 0xFF, 0x04, 0x04, 0x03, 0x02, 0x01, 0x06, 0x30, 0x0F, 0x06, 0x03, 0x55,
  0x1D, 0x13, 0x01, 0x01, 0xFF, 0x04, 0x05, 0x30, 0x03, 0x01, 0x01, 0xFF, 0x30, 0x1D, 0x06, 0x03,
  0x55, 0x1D, 0x0E, 0x04, 0x16, 0x04, 0x14, 0x15, 0x51, 0x79, 0x1A, 0x7C, 0x0C, 0x59, 0xF9, 0xDA,
  0xCD, 0xD8, 0xC4, 0x3A, 0x13, 0x9A, 0xC9, 0x78, 0x2D, 0x7F, 0x4D, 0x30, 0x33, 0x06, 0x03, 0x55,
  0x1D, 0x1F, 0x04, 0x2C, 0x30, 0x2A, 0x30, 0x28, 0xA0, 0x26, 0xA0, 0x24, 0x86, 0x22, 0x68, 0x74,
  0x74, 0x70, 0x3A, 0x2F, 0x2F, 0x63, 0x72, 0x6C, 0x2E, 0x67, 0x6C, 0x6F, 0x62, 0x61, 0x6C, 0x73,
  0x69, 0x67, 0x6E, 0x2E, 0x6E, 0x65, 0x74, 0x2F, 0x52, 0x6F, 0x6F, 0x74, 0x2E, 0x63, 0x72, 0x6C,
  0x30, 0x13, 0x06, 0x03, 0x55, 0x1D, 0x25, 0x04, 0x0C, 0x30, 0x0A, 0x06, 0x08, 0x2B, 0x06, 0x01,
  0x05, 0x05, 0x07, 0x03, 0x03, 0x30, 0x1F, 0x06, 0x03, 0x55, 0x1D, 0x23, 0x04, 0x18, 0x30, 0x16,
  0x80, 0x14, 0x60, 0x7B, 0x66, 0x1A, 0x45, 0x0D, 0x97, 0xCA, 0x89, 0x50, 0x2F, 0x7D, 0x04, 0xCD,
  0x34, 0xA8, 0xFF, 0xFC, 0xFD, 0x4B, 0x30, 0x0D, 0x06, 0x09, 0x2A, 0x86, 0x48, 0x86, 0xF7, 0x0D,
  0x01, 0x01, 0x05, 0x05, 0x00, 0x03, 0x82, 0x01, 0x01, 0x00, 0xB5, 0x78, 0xA6, 0xA2, 0x7C, 0x04,
  0xB7, 0x7F, 0xC9, 0x7F, 0x7D, 0x6A, 0xBC, 0x71, 0xFA, 0x29, 0x30, 0x60, 0xC2, 0xF4, 0x62, 0x1E,
  0xFE, 0x7F, 0x43, 0x1E, 0x9B, 0x6E, 0xE2, 0xB2, 0x1F, 0x73, 0x0B, 0x85, 0x76, 0x5B, 0x7D, 0xF5,
  0x4E, 0x49, 0x06, 0x2F, 0xD4, 0xFA, 0xB7, 0x91, 0x40, 0xEF, 0xED, 0x6F, 0x8D, 0x8E, 0x13, 0x83,
  0x54, 0xC5, 0x2A, 0x02, 0x3D, 0x0A, 0xA4, 0xDC, 0x99, 0x0B, 0x7A, 0xBD, 0x77, 0x2F, 0xCC, 0x40,
  0xC1, 0x8F, 0xF3, 0xC4, 0x8C, 0x4E, 0x72, 0xBA, 0x10, 0x7C, 0xE6, 0xFF, 0x64, 0x2B, 0xC7, 0xCE,
  0x6C, 0xA7, 0xFC, 0xD7, 0x9A, 0x7C, 0x8E, 0x46, 0x8D, 0x01, 0x83, 0x4D, 0x42, 0x3B, 0xDB, 0x9C,
  0x3F, 0x9F, 0x32, 0x61, 0x57, 0xD7, 0x17, 0xB0, 0xB3, 0x36, 0x66, 0xF0, 0xB3, 0xFD, 0x44, 0x6F,
  0x81, 0x37, 0xB1, 0x94, 0x4E, 0xA7, 0x56, 0x25, 0x89, 0xF5, 0x8A, 0xD6, 0x6D, 0x11, 0x62, 0x62,
  0x79, 0x5C, 0x42, 0x90, 0x02, 0x18, 0xD3, 0x9C, 0x23, 0xFC, 0x08, 0xE8, 0x64, 0x45, 0xB9, 0x2D,
  0x7E, 0x80, 0x5B, 0x4E, 0xAF, 0xC3, 0x8A, 0x29, 0x92, 0x83, 0x78, 0x1F, 0x91, 0x41, 0x34, 0xAF,
  0x85, 0xC5, 0xFD, 0x07, 0x99, 0x4E, 0x2C, 0x5C, 0xFE, 0xC7, 0xFD, 0x17, 0xBB, 0x25, 0x25, 0x31,
  0x4D, 0x72, 0xB5, 0xB5, 0x29, 0x4B, 0x48, 0x9A, 0x37, 0x6F, 0x13, 0xC7, 0x11, 0x4E, 0x4A, 0x45,
  0x1E, 0x7E, 0x2F, 0x31, 0x9C, 0xAB, 0xE8, 0x52, 0xAF, 0xD6, 0x67, 0x97, 0x34, 0x88, 0x5F, 0x0E,
  0x27, 0x6A, 0x66, 0x52, 0xD1, 0x5A, 0xC7, 0xAC, 0x30, 0x2C, 0x20, 0x38, 0xDD, 0x2B, 0xFF, 0x3A,
  0xEB, 0xCE, 0x10, 0x45, 0x82, 0xA2, 0x7B, 0x1B, 0xA1, 0x20, 0x73, 0x56, 0x9B, 0x2A, 0x93, 0xE6,
  0x04, 0x51, 0x06, 0x6C, 0x1B, 0xDC, 0x2F, 0x89, 0x94, 0x93, 0x30, 0x82, 0x04, 0xAB, 0x30, 0x82,
  0x03, 0x93, 0xA0, 0x03, 0x02, 0x01, 0x02, 0x02, 0x0B, 0x01, 0x00, 0x00, 0x00, 0x00, 0x01, 0x2E,
  0x28, 0x3E, 0x71, 0x05, 0x30, 0x0D, 0x06, 0x09, 0x2A, 0x86, 0x48, 0x86, 0xF7, 0x0D, 0x01, 0x01,
  0x05, 0x05, 0x00, 0x30, 0x63, 0x31, 0x0B, 0x30, 0x09, 0x06, 0x03, 0x55, 0x04, 0x06, 0x13, 0x02,
  0x42, 0x45, 0x31, 0x19, 0x30, 0x17, 0x06, 0x03, 0x55, 0x04, 0x0A, 0x13, 0x10, 0x47, 0x6C, 0x6F,
  0x62, 0x61, 0x6C, 0x53, 0x69, 0x67, 0x6E, 0x20, 0x6E, 0x76, 0x2D, 0x73, 0x61, 0x31, 0x16, 0x30,
  0x14, 0x06, 0x03, 0x55, 0x04, 0x0B, 0x13, 0x0D, 0x4F, 0x62, 0x6A, 0x65, 0x63, 0x74, 0x53, 0x69,
  0x67, 0x6E, 0x20, 0x43, 0x41, 0x31, 0x21, 0x30, 0x1F, 0x06, 0x03, 0x55, 0x04, 0x03, 0x13, 0x18,
  0x47, 0x6C, 0x6F, 0x62, 0x61, 0x6C, 0x53, 0x69, 0x67, 0x6E, 0x20, 0x4F, 0x62, 0x6A, 0x65, 0x63,
  0x74, 0x53, 0x69, 0x67, 0x6E, 0x20, 0x43, 0x41, 0x30, 0x1E, 0x17, 0x0D, 0x31, 0x31, 0x30, 0x32,
  0x31, 0x35, 0x30, 0x36, 0x34, 0x33, 0x33, 0x38, 0x5A, 0x17, 0x0D, 0x31, 0x32, 0x30, 0x32, 0x31,
  0x32, 0x30, 0x31, 0x33, 0x39, 0x34, 0x33, 0x5A, 0x30, 0x81, 0x80, 0x31, 0x0B, 0x30, 0x09, 0x06,
  0x03, 0x55, 0x04, 0x06, 0x13, 0x02, 0x54, 0x57, 0x31, 0x0F, 0x30, 0x0D, 0x06, 0x03, 0x55, 0x04,
  0x08, 0x13, 0x06, 0x54, 0x61, 0x69, 0x77, 0x61, 0x6E, 0x31, 0x18, 0x30, 0x16, 0x06, 0x03, 0x55,
  0x04, 0x07, 0x13, 0x0F, 0x4E, 0x65, 0x77, 0x20, 0x54, 0x61, 0x69, 0x70, 0x65, 0x69, 0x20, 0x43,
  0x69, 0x74, 0x79, 0x31, 0x16, 0x30, 0x14, 0x06, 0x03, 0x55, 0x04, 0x0A, 0x13, 0x0D, 0x50, 0x6F,
  0x72, 0x74, 0x77, 0x65, 0x6C, 0x6C, 0x20, 0x49, 0x6E, 0x63, 0x2E, 0x31, 0x16, 0x30, 0x14, 0x06,
  0x03, 0x55, 0x04, 0x0B, 0x13, 0x0D, 0x50, 0x6F, 0x72, 0x74, 0x77, 0x65, 0x6C, 0x6C, 0x20, 0x49,
  0x6E, 0x63, 0x2E, 0x31, 0x16, 0x30, 0x14, 0x06, 0x03, 0x55, 0x04, 0x03, 0x13, 0x0D, 0x50, 0x6F,
  0x72, 0x74, 0x77, 0x65, 0x6C, 0x6C, 0x20, 0x49, 0x6E, 0x63, 0x2E, 0x30, 0x82, 0x01, 0x22, 0x30,
  0x0D, 0x06, 0x09, 0x2A, 0x86, 0x48, 0x86, 0xF7, 0x0D, 0x01, 0x01, 0x01, 0x05, 0x00, 0x03, 0x82,
  0x01, 0x0F, 0x00, 0x30, 0x82, 0x01, 0x0A, 0x02, 0x82, 0x01, 0x01, 0x00, 0xF3, 0x3D, 0x72, 0xBD,
  0xFB, 0x0D, 0x32, 0xED, 0xFE, 0xB2, 0xFA, 0x67, 0xD2, 0x26, 0x81, 0xAB, 0x8D, 0xCB, 0xB7, 0x8E,
  0x8D, 0x36, 0xDB, 0xEB, 0x04, 0x2B, 0x0E, 0xC4, 0xC1, 0x0C, 0x94, 0x63, 0x67, 0xAC, 0x17, 0xAD,
  0x5C, 0x36, 0x24, 0xB6, 0x0A, 0x95, 0x6E, 0x12, 0x2C, 0x22, 0xDA, 0x21, 0xCE, 0x8A, 0x4A, 0x7B,
  0x03, 0xBC, 0xF6, 0xD9, 0x3B, 0xF0, 0x9A, 0xCD, 0x7A, 0x4C, 0x4D, 0x16, 0x6D, 0x36, 0xE4, 0x90,
  0x52, 0xBB, 0x95, 0xED, 0xE4, 0xCB, 0x74, 0x14, 0xA5, 0xE4, 0xD7, 0x70, 0x4F, 0x00, 0x0D, 0xEE,
  0x3C, 0xD8, 0xAA, 0x72, 0xF9, 0xCC, 0x54, 0x30, 0x92, 0xE5, 0x7C, 0xE9, 0x13, 0x05, 0x2F, 0xBD,
  0x08, 0x7B, 0x8F, 0xC7, 0x98, 0x78, 0x53, 0x39, 0xC6, 0xC1, 0xCB, 0xA6, 0x87, 0xB1, 0x19, 0x44,
  0xA3, 0xE7, 0x1F, 0xB4, 0x7E, 0x40, 0x0B, 0xC6, 0xF1, 0x36, 0x7B, 0xC9, 0x6C, 0x91, 0x63, 0xE7,
  0x9C, 0xA4, 0x49, 0xE6, 0x3B, 0xE5, 0xCC, 0x81, 0xF6, 0xEE, 0x0A, 0x65, 0x92, 0x86, 0xC0, 0xDD,
  0x81, 0x1C, 0xC7, 0xE6, 0x40, 0xC6, 0xB0, 0x05, 0xB0, 0xAD, 0x06, 0xA5, 0x53, 0xCD, 0x45, 0x24,
  0xA9, 0x02, 0x5F, 0x8A, 0x60, 0x6C, 0xA3, 0x06, 0x38, 0x20, 0xD0, 0xE4, 0x1C, 0x66, 0x8F, 0x1C,
  0x35, 0x58, 0x1D, 0xF4, 0xB7, 0xFF, 0x3C, 0x02, 0x6C, 0xE7, 0x66, 0xB4, 0x9E, 0xDF, 0x70, 0x55,
  0xB6, 0x71, 0x12, 0x6C, 0x9B, 0xB7, 0x1F, 0x23, 0xB8, 0xF9, 0x47, 0x5A, 0xC4, 0x7F, 0x65, 0x1C,
  0x01, 0xCD, 0x04, 0xA4, 0x54, 0x84, 0x56, 0xC9, 0x51, 0xA0, 0xC4, 0x08, 0x54, 0x97, 0x26, 0xA1,
  0xBB, 0x8E, 0x9D, 0x2B, 0x81, 0x84, 0x0B, 0xDC, 0x6A, 0xE5, 0xF3, 0xB8, 0xCF, 0x4F, 0xEB, 0x5F,
  0x58, 0x4B, 0x93, 0xCE, 0x45, 0x4C, 0x55, 0xAE, 0x0E, 0x98, 0x67, 0xBF, 0x02, 0x03, 0x01, 0x00,
  0x01, 0xA3, 0x82, 0x01, 0x40, 0x30, 0x82, 0x01, 0x3C, 0x30, 0x1F, 0x06, 0x03, 0x55, 0x1D, 0x23,
  0x04, 0x18, 0x30, 0x16, 0x80, 0x14, 0xD2, 0x5B, 0xF3, 0x4B, 0x26, 0x4B, 0xA5, 0xB0, 0xE7, 0x5D,
  0xFD, 0x56, 0x7F, 0xF6, 0xF1, 0x2E, 0x38, 0x4E, 0x53, 0xA0, 0x30, 0x4E, 0x06, 0x08, 0x2B, 0x06,
  0x01, 0x05, 0x05, 0x07, 0x01, 0x01, 0x04, 0x42, 0x30, 0x40, 0x30, 0x3E, 0x06, 0x08, 0x2B, 0x06,
  0x01, 0x05, 0x05, 0x07, 0x30, 0x02, 0x86, 0x32, 0x68, 0x74, 0x74, 0x70, 0x3A, 0x2F, 0x2F, 0x73,
  0x65, 0x63, 0x75, 0x72, 0x65, 0x2E, 0x67, 0x6C, 0x6F, 0x62, 0x61, 0x6C, 0x73, 0x69, 0x67, 0x6E,
  0x2E, 0x6E, 0x65, 0x74, 0x2F, 0x63, 0x61, 0x63, 0x65, 0x72, 0x74, 0x2F, 0x4F, 0x62, 0x6A, 0x65,
  0x63, 0x74, 0x53, 0x69, 0x67, 0x6E, 0x2E, 0x63, 0x72, 0x74, 0x30, 0x39, 0x06, 0x03, 0x55, 0x1D,
  0x1F, 0x04, 0x32, 0x30, 0x30, 0x30, 0x2E, 0xA0, 0x2C, 0xA0, 0x2A, 0x86, 0x28, 0x68, 0x74, 0x74,
  0x70, 0x3A, 0x2F, 0x2F, 0x63, 0x72, 0x6C, 0x2E, 0x67, 0x6C, 0x6F, 0x62, 0x61, 0x6C, 0x73, 0x69,
  0x67, 0x6E, 0x2E, 0x6E, 0x65, 0x74, 0x2F, 0x4F, 0x62, 0x6A, 0x65, 0x63, 0x74, 0x53, 0x69, 0x67,
  0x6E, 0x2E, 0x63, 0x72, 0x6C, 0x30, 0x09, 0x06, 0x03, 0x55, 0x1D, 0x13, 0x04, 0x02, 0x30, 0x00,
  0x30, 0x0E, 0x06, 0x03, 0x55, 0x1D, 0x0F, 0x01, 0x01, 0xFF, 0x04, 0x04, 0x03, 0x02, 0x07, 0x80,
  0x30, 0x13, 0x06, 0x03, 0x55, 0x1D, 0x25, 0x04, 0x0C, 0x30, 0x0A, 0x06, 0x08, 0x2B, 0x06, 0x01,
  0x05, 0x05, 0x07, 0x03, 0x03, 0x30, 0x4B, 0x06, 0x03, 0x55, 0x1D, 0x20, 0x04, 0x44, 0x30, 0x42,
  0x30, 0x40, 0x06, 0x09, 0x2B, 0x06, 0x01, 0x04, 0x01, 0xA0, 0x32, 0x01, 0x32, 0x30, 0x33, 0x30,
  0x31, 0x06, 0x08, 0x2B, 0x06, 0x01, 0x05, 0x05, 0x07, 0x02, 0x01, 0x16, 0x25, 0x68, 0x74, 0x74,
  0x70, 0x3A, 0x2F, 0x2F, 0x77, 0x77, 0x77, 0x2E, 0x67, 0x6C, 0x6F, 0x62, 0x61, 0x6C, 0x73, 0x69,
  0x67, 0x6E, 0x2E, 0x6E, 0x65, 0x74, 0x2F, 0x72, 0x65, 0x70, 0x6F, 0x73, 0x69, 0x74, 0x6F, 0x72,
  0x79, 0x2F, 0x30, 0x11, 0x06, 0x09, 0x60, 0x86, 0x48, 0x01, 0x86, 0xF8, 0x42, 0x01, 0x01, 0x04,
  0x04, 0x03, 0x02, 0x04, 0x10, 0x30, 0x0D, 0x06, 0x09, 0x2A, 0x86, 0x48, 0x86, 0xF7, 0x0D, 0x01,
  0x01, 0x05, 0x05, 0x00, 0x03, 0x82, 0x01, 0x01, 0x00, 0x26, 0xAC, 0xF6, 0x16, 0xEC, 0x6E, 0x68,
  0xD1, 0xCD, 0x18, 0x6D, 0x1F, 0x84, 0x34, 0xEE, 0x0B, 0x3F, 0x51, 0x3D, 0x4A, 0x9C, 0x7D, 0x2C,
  0x94, 0x18, 0xE9, 0x69, 0x9B, 0xB4, 0x8A, 0x11, 0xA7, 0x0C, 0xFE, 0x26, 0x73, 0xD4, 0xF7, 0x37,
  0x01, 0x60, 0x5C, 0x33, 0xEA, 0x24, 0x30, 0x99, 0x67, 0x1C, 0x72, 0xB2, 0x71, 0xC6, 0x92, 0x1F,
  0x95, 0xE4, 0x17, 0x1C, 0xA9, 0x71, 0x02, 0xED, 0xE2, 0x21, 0x7E, 0xEC, 0xC5, 0xF8, 0x7F, 0x80,
  0xBD, 0x2B, 0x2E, 0xD7, 0x8C, 0xDD, 0xC3, 0xFB, 0xE1, 0x8D, 0xB8, 0x5D, 0x0B, 0xE9, 0xD4, 0xD8,
  0xE8, 0x4E, 0x88, 0x7C, 0xF6, 0x25, 0x03, 0xDC, 0x72, 0xA0, 0xEC, 0xDD, 0x5E, 0x88, 0xB4, 0xF6,
  0xD8, 0xB6, 0x00, 0xBC, 0x7E, 0x16, 0x33, 0xDD, 0x94, 0x58, 0x4F, 0x48, 0xC6, 0xB9, 0x0F, 0x44,
  0xFA, 0x6E, 0xCA, 0xC5, 0xA3, 0x1C, 0x6A, 0x3F, 0xBD, 0x4D, 0x39, 0x38, 0x20, 0x27, 0x60, 0xA9,
  0x78, 0x12, 0x3A, 0xF8, 0x7B, 0x06, 0x05, 0x6B, 0x44, 0x65, 0xE6, 0xC4, 0xF2, 0xC3, 0xE3, 0xBB,
  0xDE, 0x5B, 0x0E, 0xA7, 0x9B, 0x71, 0xF3, 0x46, 0xF8, 0xCE, 0x78, 0xA8, 0x7C, 0x74, 0x4D, 0x31,
  0x2C, 0xDE, 0xA4, 0x53, 0x46, 0x18, 0x36, 0x50, 0xD1, 0x3E, 0x6A, 0xCD, 0xC7, 0xAB, 0xC5, 0x76,
  0xD8, 0xC0, 0x17, 0xC1, 0x99, 0x57, 0xC4, 0x4B, 0x8D, 0x71, 0x1F, 0x20, 0x6E, 0xC7, 0x36, 0xC2,
  0xCC, 0xD4, 0xAE, 0x38, 0x8F, 0xB2, 0x70, 0xA9, 0x70, 0x9F, 0xB3, 0x60, 0x1B, 0x4D, 0xC4, 0x4B,
  0xF8, 0xC0, 0x5B, 0x67, 0x9F, 0xAB, 0xB4, 0x0D, 0x82, 0xE4, 0xAB, 0xF7, 0x24, 0x05, 0x28, 0x5A,
  0x81, 0x03, 0x6B, 0x87, 0xB9, 0x49, 0x1F, 0x9C, 0x6A, 0xD5, 0xA0, 0x62, 0xB1, 0x99, 0x36, 0x3D,
  0xEC, 0x34, 0x87, 0xA6, 0x33, 0xA6, 0x53, 0xC2, 0xB1, 0x30, 0x82, 0x04, 0xD3, 0x30, 0x82, 0x03,
  0xBB, 0xA0, 0x03, 0x02, 0x01, 0x02, 0x02, 0x0B, 0x04, 0x00, 0x00, 0x00, 0x00, 0x01, 0x23, 0x9E,
  0x0F, 0xAF, 0x24, 0x30, 0x0D, 0x06, 0x09, 0x2A, 0x86, 0x48, 0x86, 0xF7, 0x0D, 0x01, 0x01, 0x05,
  0x05, 0x00, 0x30, 0x81, 0x81, 0x31, 0x0B, 0x30, 0x09, 0x06, 0x03, 0x55, 0x04, 0x06, 0x13, 0x02,
  0x42, 0x45, 0x31, 0x19, 0x30, 0x17, 0x06, 0x03, 0x55, 0x04, 0x0A, 0x13, 0x10, 0x47, 0x6C, 0x6F,
  0x62, 0x61, 0x6C, 0x53, 0x69, 0x67, 0x6E, 0x20, 0x6E, 0x76, 0x2D, 0x73, 0x61, 0x31, 0x25, 0x30,
  0x23, 0x06, 0x03, 0x55, 0x04, 0x0B, 0x13, 0x1C, 0x50, 0x72, 0x69, 0x6D, 0x61, 0x72, 0x79, 0x20,
  0x4F, 0x62, 0x6A, 0x65, 0x63, 0x74, 0x20, 0x50, 0x75, 0x62, 0x6C, 0x69, 0x73, 0x68, 0x69, 0x6E,
  0x67, 0x20, 0x43, 0x41, 0x31, 0x30, 0x30, 0x2E, 0x06, 0x03, 0x55, 0x04, 0x03, 0x13, 0x27, 0x47,
  0x6C, 0x6F, 0x62, 0x61, 0x6C, 0x53, 0x69, 0x67, 0x6E, 0x20, 0x50, 0x72, 0x69, 0x6D, 0x61, 0x72,
  0x79, 0x20, 0x4F, 0x62, 0x6A, 0x65, 0x63, 0x74, 0x20, 0x50, 0x75, 0x62, 0x6C, 0x69, 0x73, 0x68,
  0x69, 0x6E, 0x67, 0x20, 0x43, 0x41, 0x30, 0x1E, 0x17, 0x0D, 0x30, 0x34, 0x30, 0x31, 0x32, 0x32,
  0x31, 0x30, 0x30, 0x30, 0x30, 0x30, 0x5A, 0x17, 0x0D, 0x31, 0x37, 0x30, 0x31, 0x32, 0x37, 0x31,
  0x30, 0x30, 0x30, 0x30, 0x30, 0x5A, 0x30, 0x63, 0x31, 0x0B, 0x30, 0x09, 0x06, 0x03, 0x55, 0x04,
  0x06, 0x13, 0x02, 0x42, 0x45, 0x31, 0x19, 0x30, 0x17, 0x06, 0x03, 0x55, 0x04, 0x0A, 0x13, 0x10,
  0x47, 0x6C, 0x6F, 0x62, 0x61, 0x6C, 0x53, 0x69, 0x67, 0x6E, 0x20, 0x6E, 0x76, 0x2D, 0x73, 0x61,
  0x31, 0x16, 0x30, 0x14, 0x06, 0x03, 0x55, 0x04, 0x0B, 0x13, 0x0D, 0x4F, 0x62, 0x6A, 0x65, 0x63,
  0x74, 0x53, 0x69, 0x67, 0x6E, 0x20, 0x43, 0x41, 0x31, 0x21, 0x30, 0x1F, 0x06, 0x03, 0x55, 0x04,
  0x03, 0x13, 0x18, 0x47, 0x6C, 0x6F, 0x62, 0x61, 0x6C, 0x53, 0x69, 0x67, 0x6E, 0x20, 0x4F, 0x62,
  0x6A, 0x65, 0x63, 0x74, 0x53, 0x69, 0x67, 0x6E, 0x20, 0x43, 0x41, 0x30, 0x82, 0x01, 0x22, 0x30,
  0x0D, 0x06, 0x09, 0x2A, 0x86, 0x48, 0x86, 0xF7, 0x0D, 0x01, 0x01, 0x01, 0x05, 0x00, 0x03, 0x82,
  0x01, 0x0F, 0x00, 0x30, 0x82, 0x01, 0x0A, 0x02, 0x82, 0x01, 0x01, 0x00, 0xB0, 0xB1, 0xF2, 0x80,
  0x00, 0x70, 0xCE, 0xEC, 0xC3, 0x8C, 0xB4, 0x97, 0xED, 0xC6, 0x09, 0x8C, 0x26, 0x6F, 0x89, 0xDF,
  0x67, 0x59, 0x81, 0xCF, 0xDE, 0x14, 0x13, 0x4C, 0xC2, 0xB1, 0x45, 0xE2, 0x53, 0x75, 0x41, 0xFA,
  0x07, 0x36, 0x6F, 0xBA, 0x11, 0x70, 0x28, 0x94, 0x7C, 0x6D, 0x72, 0xBD, 0x07, 0x15, 0x25, 0x65,
  0x3A, 0x09, 0xFF, 0x85, 0xDC, 0xFA, 0x7B, 0x5E, 0x37, 0x87, 0x38, 0xE4, 0xC7, 0x4B, 0x08, 0x80,
  0x98, 0x9E, 0x8A, 0xCD, 0x58, 0x09, 0x02, 0xC0, 0xC3, 0x01, 0x49, 0x96, 0x58, 0x88, 0x89, 0x26,
  0x59, 0xF5, 0x6D, 0xC6, 0xB9, 0xC1, 0xFB, 0x18, 0x25, 0xED, 0xD8, 0x62, 0x4E, 0xCA, 0x0A, 0x6C,
  0x5D, 0x70, 0xEF, 0xCE, 0xD3, 0x9B, 0x29, 0x0B, 0x09, 0xC6, 0xF6, 0xEE, 0xB6, 0x16, 0xD4, 0x3C,
  0x54, 0x8E, 0xCC, 0x5D, 0xE0, 0xAF, 0xDB, 0xDD, 0x23, 0x09, 0x32, 0x7B, 0x32, 0x81, 0x16, 0x62,
  0x0A, 0x06, 0xCB, 0x7A, 0xCF, 0x34, 0x21, 0xB6, 0x6F, 0x36, 0xB6, 0xB1, 0xCE, 0xCB, 0x9A, 0x29,
  0x35, 0x40, 0x3E, 0x9D, 0x58, 0x7C, 0xFF, 0xAD, 0x82, 0x98, 0xFA, 0xB8, 0xD5, 0x89, 0xCA, 0x35,
  0xDD, 0xCB, 0xCD, 0x57, 0x06, 0xCB, 0x9B, 0xE4, 0xBF, 0x94, 0xA8, 0x80, 0x98, 0x5F, 0x77, 0x96,
  0xF0, 0xB6, 0xE7, 0xAB, 0x74, 0x79, 0x40, 0x21, 0xA6, 0x63, 0xE9, 0xD0, 0x07, 0x91, 0xBD, 0x85,
  0x38, 0xB4, 0xAE, 0x96, 0xAC, 0xA1, 0xFF, 0x14, 0x73, 0xDA, 0xA5, 0x45, 0xB8, 0x4D, 0x86, 0xCE,
  0x2A, 0x3C, 0xEF, 0xD4, 0xDF, 0x28, 0x0E, 0x75, 0xA9, 0xA8, 0x88, 0x13, 0xC2, 0xE4, 0x7C, 0x60,
  0x93, 0xF2, 0x25, 0xCC, 0x03, 0x84, 0x97, 0xE6, 0x4E, 0xB6, 0x9F, 0x2D, 0xD6, 0xB5, 0x8B, 0x34,
  0x3C, 0xAB, 0xD5, 0x38, 0x3A, 0xC8, 0x3D, 0xC4, 0xB1, 0xF9, 0x94, 0xCD, 0x02, 0x03, 0x01, 0x00,
  0x01, 0xA3, 0x82, 0x01, 0x67, 0x30, 0x82, 0x01, 0x63, 0x30, 0x0E, 0x06, 0x03, 0x55, 0x1D, 0x0F,
  0x01, 0x01, 0xFF, 0x04, 0x04, 0x03, 0x02, 0x01, 0x06, 0x30, 0x12, 0x06, 0x03, 0x55, 0x1D, 0x13,
  0x01, 0x01, 0xFF, 0x04, 0x08, 0x30, 0x06, 0x01, 0x01, 0xFF, 0x02, 0x01, 0x00, 0x30, 0x1D, 0x06,
  0x03, 0x55, 0x1D, 0x0E, 0x04, 0x16, 0x04, 0x14, 0xD2, 0x5B, 0xF3, 0x4B, 0x26, 0x4B, 0xA5, 0xB0,
  0xE7, 0x5D, 0xFD, 0x56, 0x7F, 0xF6, 0xF1, 0x2E, 0x38, 0x4E, 0x53, 0xA0, 0x30, 0x4A, 0x06, 0x03,
  0x55, 0x1D, 0x20, 0x04, 0x43, 0x30, 0x41, 0x30, 0x3F, 0x06, 0x09, 0x2B, 0x06, 0x01, 0x04, 0x01,
  0xA0, 0x32, 0x01, 0x32, 0x30, 0x32, 0x30, 0x30, 0x06, 0x08, 0x2B, 0x06, 0x01, 0x05, 0x05, 0x07,
  0x02, 0x01, 0x16, 0x24, 0x68, 0x74, 0x74, 0x70, 0x3A, 0x2F, 0x2F, 0x77, 0x77, 0x77, 0x2E, 0x67,
  0x6C, 0x6F, 0x62, 0x61, 0x6C, 0x73, 0x69, 0x67, 0x6E, 0x2E, 0x6E, 0x65, 0x74, 0x2F, 0x72, 0x65,
  0x70, 0x6F, 0x73, 0x69, 0x74, 0x6F, 0x72, 0x79, 0x30, 0x39, 0x06, 0x03, 0x55, 0x1D, 0x1F, 0x04,
  0x32, 0x30, 0x30, 0x30, 0x2E, 0xA0, 0x2C, 0xA0, 0x2A, 0x86, 0x28, 0x68, 0x74, 0x74, 0x70, 0x3A,
  0x2F, 0x2F, 0x63, 0x72, 0x6C, 0x2E, 0x67, 0x6C, 0x6F, 0x62, 0x61, 0x6C, 0x73, 0x69, 0x67, 0x6E,
  0x2E, 0x6E, 0x65, 0x74, 0x2F, 0x70, 0x72, 0x69, 0x6D, 0x6F, 0x62, 0x6A, 0x65, 0x63, 0x74, 0x2E,
  0x63, 0x72, 0x6C, 0x30, 0x4E, 0x06, 0x08, 0x2B, 0x06, 0x01, 0x05, 0x05, 0x07, 0x01, 0x01, 0x04,
  0x42, 0x30, 0x40, 0x30, 0x3E, 0x06, 0x08, 0x2B, 0x06, 0x01, 0x05, 0x05, 0x07, 0x30, 0x02, 0x86,
  0x32, 0x68, 0x74, 0x74, 0x70, 0x3A, 0x2F, 0x2F, 0x73, 0x65, 0x63, 0x75, 0x72, 0x65, 0x2E, 0x67,
  0x6C, 0x6F, 0x62, 0x61, 0x6C, 0x73, 0x69, 0x67, 0x6E, 0x2E, 0x6E, 0x65, 0x74, 0x2F, 0x63, 0x61,
  0x63, 0x65, 0x72, 0x74, 0x2F, 0x50, 0x72, 0x69, 0x6D, 0x4F, 0x62, 0x6A, 0x65, 0x63, 0x74, 0x2E,
  0x63, 0x72, 0x74, 0x30, 0x11, 0x06, 0x09, 0x60, 0x86, 0x48, 0x01, 0x86, 0xF8, 0x42, 0x01, 0x01,
  0x04, 0x04, 0x03, 0x02, 0x00, 0x01, 0x30, 0x13, 0x06, 0x03, 0x55, 0x1D, 0x25, 0x04, 0x0C, 0x30,
  0x0A, 0x06, 0x08, 0x2B, 0x06, 0x01, 0x05, 0x05, 0x07, 0x03, 0x03, 0x30, 0x1F, 0x06, 0x03, 0x55,
  0x1D, 0x23, 0x04, 0x18, 0x30, 0x16, 0x80, 0x14, 0x15, 0x51, 0x79, 0x1A, 0x7C, 0x0C, 0x59, 0xF9,
  0xDA, 0xCD, 0xD8, 0xC4, 0x3A, 0x13, 0x9A, 0xC9, 0x78, 0x2D, 0x7F, 0x4D, 0x30, 0x0D, 0x06, 0x09,
  0x2A, 0x86, 0x48, 0x86, 0xF7, 0x0D, 0x01, 0x01, 0x05, 0x05, 0x00, 0x03, 0x82, 0x01, 0x01, 0x00,
  0x1E, 0x6A, 0xF3, 0x6D, 0xF4, 0x8E, 0xA9, 0x22, 0xFE, 0x70, 0x08, 0x65, 0x2E, 0xA1, 0x5D, 0xAB,
  0x33, 0x30, 0xDD, 0x6C, 0x78, 0xFA, 0x4B, 0xEA, 0xAD, 0xC5, 0x8D, 0xEC, 0x10, 0x7A, 0x6A, 0xC5,
  0x58, 0x97, 0x39, 0x6B, 0x92, 0xF3, 0x91, 0xE2, 0x0C, 0xA7, 0x28, 0x1C, 0xD1, 0x5D, 0x76, 0x8E,
  0x8B, 0x07, 0x7C, 0x13, 0x6F, 0xAD, 0xC4, 0x36, 0x43, 0xB3, 0xC1, 0xBC, 0x31, 0x59, 0xCF, 0x18,
  0x38, 0xD8, 0xA3, 0x3B, 0xCE, 0xFF, 0xCA, 0x67, 0x58, 0xBF, 0xE0, 0xF1, 0xAC, 0x61, 0x3E, 0xA2,
  0x3B, 0x1E, 0xBC, 0x02, 0x5B, 0x41, 0xAC, 0x44, 0x6B, 0xF5, 0x26, 0xF3, 0xED, 0x5E, 0xA8, 0x65,
  0xF6, 0xCA, 0x65, 0xA6, 0x3F, 0xCA, 0xF5, 0x77, 0xEB, 0xA5, 0x86, 0x2A, 0x58, 0x29, 0x56, 0xF8,
  0xBE, 0x16, 0x10, 0x40, 0xE9, 0xD2, 0xFC, 0x57, 0x2C, 0x63, 0x61, 0x37, 0x66, 0x25, 0x39, 0x20,
  0x2E, 0x07, 0x03, 0xA0, 0x36, 0x03, 0x25, 0x94, 0xBD, 0x7C, 0xEB, 0x7E, 0xD3, 0xA3, 0xC2, 0xC5,
  0x76, 0x16, 0x75, 0x30, 0x92, 0xB9, 0xFF, 0x76, 0x41, 0x35, 0x21, 0x68, 0xD1, 0x0E, 0x5E, 0x5C,
  0x8E, 0xC3, 0x03, 0x60, 0xE6, 0x80, 0x40, 0xFC, 0xC0, 0x5D, 0xA2, 0x54, 0x6E, 0x6E, 0x92, 0x67,
  0xA7, 0x81, 0x12, 0x87, 0xA2, 0xA3, 0x2B, 0xDB, 0xB7, 0x4D, 0xFF, 0xE4, 0xD5, 0xC7, 0xE5, 0x05,
  0xE6, 0xD5, 0xF1, 0xAE, 0xFC, 0xCD, 0x66, 0x18, 0x21, 0xF3, 0x3E, 0x47, 0xC9, 0xE5, 0x95, 0x42,
  0x61, 0x2C, 0x9D, 0x26, 0x80, 0xB2, 0x0F, 0xA8, 0x3D, 0x0E, 0xC9, 0xA7, 0x78, 0xDF, 0x6E, 0x74,
  0x8C, 0x2C, 0x46, 0xF6, 0x72, 0xE9, 0x3C, 0x64, 0x6B, 0x28, 0x55, 0xC4, 0x4B, 0x64, 0x33, 0xCB,
  0x78, 0x54, 0x13, 0x38, 0xF0, 0xD5, 0x71, 0x06, 0xD4, 0x3E, 0x0D, 0x0A, 0x35, 0x0E, 0xE0, 0xB3,
  0x30, 0x82, 0x05, 0x7F, 0x30, 0x82, 0x03, 0x67, 0xA0, 0x03, 0x02, 0x01, 0x02, 0x02, 0x0A, 0x61,
  0x0B, 0x7F, 0x6B, 0x00, 0x00, 0x00, 0x00, 0x00, 0x19, 0x30, 0x0D, 0x06, 0x09, 0x2A, 0x86, 0x48,
  0x86, 0xF7, 0x0D, 0x01, 0x01, 0x05, 0x05, 0x00, 0x30, 0x7F, 0x31, 0x0B, 0x30, 0x09, 0x06, 0x03,
  0x55, 0x04, 0x06, 0x13, 0x02, 0x55, 0x53, 0x31, 0x13, 0x30, 0x11, 0x06, 0x03, 0x55, 0x04, 0x08,
  0x13, 0x0A, 0x57, 0x61, 0x73, 0x68, 0x69, 0x6E, 0x67, 0x74, 0x6F, 0x6E, 0x31, 0x10, 0x30, 0x0E,
  0x06, 0x03, 0x55, 0x04, 0x07, 0x13, 0x07, 0x52, 0x65, 0x64, 0x6D, 0x6F, 0x6E, 0x64, 0x31, 0x1E,
  0x30, 0x1C, 0x06, 0x03, 0x55, 0x04, 0x0A, 0x13, 0x15, 0x4D, 0x69, 0x63, 0x72, 0x6F, 0x73, 0x6F,
  0x66, 0x74, 0x20, 0x43, 0x6F, 0x72, 0x70, 0x6F, 0x72, 0x61, 0x74, 0x69, 0x6F, 0x6E, 0x31, 0x29,
  0x30, 0x27, 0x06, 0x03, 0x55, 0x04, 0x03, 0x13, 0x20, 0x4D, 0x69, 0x63, 0x72, 0x6F, 0x73, 0x6F,
  0x66, 0x74, 0x20, 0x43, 0x6F, 0x64, 0x65, 0x20, 0x56, 0x65, 0x72, 0x69, 0x66, 0x69, 0x63, 0x61,
  0x74, 0x69, 0x6F, 0x6E, 0x20, 0x52, 0x6F, 0x6F, 0x74, 0x30, 0x1E, 0x17, 0x0D, 0x30, 0x36, 0x30,
  0x35, 0x32, 0x33, 0x31, 0x37, 0x30, 0x30, 0x35, 0x31, 0x5A, 0x17, 0x0D, 0x31, 0x36, 0x30, 0x35,
  0x32, 0x33, 0x31, 0x37, 0x31, 0x30, 0x35, 0x31, 0x5A, 0x30, 0x57, 0x31, 0x0B, 0x30, 0x09, 0x06,
  0x03, 0x55, 0x04, 0x06, 0x13, 0x02, 0x42, 0x45, 0x31, 0x19, 0x30, 0x17, 0x06, 0x03, 0x55, 0x04,
  0x0A, 0x13, 0x10, 0x47, 0x6C, 0x6F, 0x62, 0x61, 0x6C, 0x53, 0x69, 0x67, 0x6E, 0x20, 0x6E, 0x76,
  0x2D, 0x73, 0x61, 0x31, 0x10, 0x30, 0x0E, 0x06, 0x03, 0x55, 0x04, 0x0B, 0x13, 0x07, 0x52, 0x6F,
  0x6F, 0x74, 0x20, 0x43, 0x41, 0x31, 0x1B, 0x30, 0x19, 0x06, 0x03, 0x55, 0x04, 0x03, 0x13, 0x12,
  0x47, 0x6C, 0x6F, 0x62, 0x61, 0x6C, 0x53, 0x69, 0x67, 0x6E, 0x20, 0x52, 0x6F, 0x6F, 0x74, 0x20,
  0x43, 0x41, 0x30, 0x82, 0x01, 0x22, 0x30, 0x0D, 0x06, 0x09, 0x2A, 0x86, 0x48, 0x86, 0xF7, 0x0D,
  0x01, 0x01, 0x01, 0x05, 0x00, 0x03, 0x82, 0x01, 0x0F, 0x00, 0x30, 0x82, 0x01, 0x0A, 0x02, 0x82,
  0x01, 0x01, 0x00, 0xDA, 0x0E, 0xE6, 0x99, 0x8D, 0xCE, 0xA3, 0xE3, 0x4F, 0x8A, 0x7E, 0xFB, 0xF1,
  0x8B, 0x83, 0x25, 0x6B, 0xEA, 0x48, 0x1F, 0xF1, 0x2A, 0xB0, 0xB9, 0x95, 0x11, 0x04, 0xBD, 0xF0,
  0x63, 0xD1, 0xE2, 0x67, 0x66, 0xCF, 0x1C, 0xDD, 0xCF, 0x1B, 0x48, 0x2B, 0xEE, 0x8D, 0x89, 0x8E,
  0x9A, 0xAF, 0x29, 0x80, 0x65, 0xAB, 0xE9, 0xC7, 0x2D, 0x12, 0xCB, 0xAB, 0x1C, 0x4C, 0x70, 0x07,
  0xA1, 0x3D, 0x0A, 0x30, 0xCD, 0x15, 0x8D, 0x4F, 0xF8, 0xDD, 0xD4, 0x8C, 0x50, 0x15, 0x1C, 0xEF,
  0x50, 0xEE, 0xC4, 0x2E, 0xF7, 0xFC, 0xE9, 0x52, 0xF2, 0x91, 0x7D, 0xE0, 0x6D, 0xD5, 0x35, 0x30,
  0x8E, 0x5E, 0x43, 0x73, 0xF2, 0x41, 0xE9, 0xD5, 0x6A, 0xE3, 0xB2, 0x89, 0x3A, 0x56, 0x39, 0x38,
  0x6F, 0x06, 0x3C, 0x88, 0x69, 0x5B, 0x2A, 0x4D, 0xC5, 0xA7, 0x54, 0xB8, 0x6C, 0x89, 0xCC, 0x9B,
  0xF9, 0x3C, 0xCA, 0xE5, 0xFD, 0x89, 0xF5, 0x12, 0x3C, 0x92, 0x78, 0x96, 0xD6, 0xDC, 0x74, 0x6E,
  0x93, 0x44, 0x61, 0xD1, 0x8D, 0xC7, 0x46, 0xB2, 0x75, 0x0E, 0x86, 0xE8, 0x19, 0x8A, 0xD5, 0x6D,
  0x6C, 0xD5, 0x78, 0x16, 0x95, 0xA2, 0xE9, 0xC8, 0x0A, 0x38, 0xEB, 0xF2, 0x24, 0x13, 0x4F, 0x73,
  0x54, 0x93, 0x13, 0x85, 0x3A, 0x1B, 0xBC, 0x1E, 0x34, 0xB5, 0x8B, 0x05, 0x8C, 0xB9, 0x77, 0x8B,
  0xB1, 0xDB, 0x1F, 0x20, 0x91, 0xAB, 0x09, 0x53, 0x6E, 0x90, 0xCE, 0x7B, 0x37, 0x74, 0xB9, 0x70,
  0x47, 0x91, 0x22, 0x51, 0x63, 0x16, 0x79, 0xAE, 0xB1, 0xAE, 0x41, 0x26, 0x08, 0xC8, 0x19, 0x2B,
  0xD1, 0x46, 0xAA, 0x48, 0xD6, 0x64, 0x2A, 0xD7, 0x83, 0x34, 0xFF, 0x2C, 0x2A, 0xC1, 0x6C, 0x19,
  0x43, 0x4A, 0x07, 0x85, 0xE7, 0xD3, 0x7C, 0xF6, 0x21, 0x68, 0xEF, 0xEA, 0xF2, 0x52, 0x9F, 0x7F,
  0x93, 0x90, 0xCF, 0x02, 0x03, 0x01, 0x00, 0x01, 0xA3, 0x82, 0x01, 0x23, 0x30, 0x82, 0x01, 0x1F,
  0x30, 0x11, 0x06, 0x03, 0x55, 0x1D, 0x20, 0x04, 0x0A, 0x30, 0x08, 0x30, 0x06, 0x06, 0x04, 0x55,
  0x1D, 0x20, 0x00, 0x30, 0x36, 0x06, 0x09, 0x2B, 0x06, 0x01, 0x04, 0x01, 0x82, 0x37, 0x15, 0x07,
  0x04, 0x29, 0x30, 0x27, 0x06, 0x1F, 0x2B, 0x06, 0x01, 0x04, 0x01, 0x82, 0x37, 0x15, 0x08, 0x8D,
  0xE0, 0xD1, 0x89, 0x4E, 0x84, 0xD7, 0x9C, 0xC3, 0x07, 0x86, 0xA6, 0x86, 0xFB, 0x1C, 0x8F, 0xD3,
  0xBF, 0xA6, 0x15, 0x01, 0x19, 0x02, 0x01, 0x6E, 0x02, 0x01, 0x00, 0x30, 0x0B, 0x06, 0x03, 0x55,
  0x1D, 0x0F, 0x04, 0x04, 0x03, 0x02, 0x01, 0x86, 0x30, 0x0F, 0x06, 0x03, 0x55, 0x1D, 0x13, 0x01,
  0x01, 0xFF, 0x04, 0x05, 0x30, 0x03, 0x01, 0x01, 0xFF, 0x30, 0x1D, 0x06, 0x03, 0x55, 0x1D, 0x0E,
  0x04, 0x16, 0x04, 0x14, 0x60, 0x7B, 0x66, 0x1A, 0x45, 0x0D, 0x97, 0xCA, 0x89, 0x50, 0x2F, 0x7D,
  0x04, 0xCD, 0x34, 0xA8, 0xFF, 0xFC, 0xFD, 0x4B, 0x30, 0x1D, 0x06, 0x09, 0x2B, 0x06, 0x01, 0x04,
  0x01, 0x82, 0x37, 0x14, 0x02, 0x04, 0x10, 0x1E, 0x0E, 0x00, 0x43, 0x00, 0x72, 0x00, 0x6F, 0x00,
  0x73, 0x00, 0x73, 0x00, 0x43, 0x00, 0x41, 0x30, 0x1F, 0x06, 0x03, 0x55, 0x1D, 0x23, 0x04, 0x18,
  0x30, 0x16, 0x80, 0x14, 0x62, 0xFB, 0x0A, 0x21, 0x5B, 0x7F, 0x43, 0x6E, 0x11, 0xDA, 0x09, 0x54,
  0x50, 0x6B, 0xF5, 0xD2, 0x96, 0x71, 0xF1, 0x9E, 0x30, 0x55, 0x06, 0x03, 0x55, 0x1D, 0x1F, 0x04,
  0x4E, 0x30, 0x4C, 0x30, 0x4A, 0xA0, 0x48, 0xA0, 0x46, 0x86, 0x44, 0x68, 0x74, 0x74, 0x70, 0x3A,
  0x2F, 0x2F, 0x63, 0x72, 0x6C, 0x2E, 0x6D, 0x69, 0x63, 0x72, 0x6F, 0x73, 0x6F, 0x66, 0x74, 0x2E,
  0x63, 0x6F, 0x6D, 0x2F, 0x70, 0x6B, 0x69, 0x2F, 0x63, 0x72, 0x6C, 0x2F, 0x70, 0x72, 0x6F, 0x64,
  0x75, 0x63, 0x74, 0x73, 0x2F, 0x4D, 0x69, 0x63, 0x72, 0x6F, 0x73, 0x6F, 0x66, 0x74, 0x43, 0x6F,
  0x64, 0x65, 0x56, 0x65, 0x72, 0x69, 0x66, 0x52, 0x6F, 0x6F, 0x74, 0x2E, 0x63, 0x72, 0x6C, 0x30,
  0x0D, 0x06, 0x09, 0x2A, 0x86, 0x48, 0x86, 0xF7, 0x0D, 0x01, 0x01, 0x05, 0x05, 0x00, 0x03, 0x82,
  0x02, 0x01, 0x00, 0x13, 0xC5, 0x6C, 0x5E, 0x07, 0x7F, 0x3C, 0x57, 0xFF, 0x9B, 0x31, 0x5F, 0x3F,
  0xBD, 0x95, 0x54, 0x25, 0xC6, 0x79, 0xF9, 0x2C, 0x31, 0x03, 0x4D, 0x64, 0x69, 0x4B, 0x56, 0xD9,
  0x5B, 0x97, 0x6F, 0x7C, 0xF3, 0xF0, 0xD0, 0x24, 0x65, 0x75, 0x38, 0x63, 0x98, 0x13, 0x70, 0x16,
  0x13, 0xF7, 0xA7, 0x01, 0xF1, 0xC6, 0x23, 0xE0, 0x85, 0x86, 0x6C, 0x0B, 0xF0, 0x80, 0x94, 0x5A,
  0x75, 0xE8, 0x7C, 0xE4, 0x1E, 0x92, 0xB4, 0x73, 0xBF, 0xC1, 0xB3, 0xA7, 0xB0, 0x0B, 0xD3, 0x18,
  0x84, 0xCB, 0xCC, 0x09, 0xA3, 0x5C, 0x9C, 0x4F, 0x3E, 0xB0, 0x3A, 0x9C, 0x2D, 0x1B, 0xC4, 0x04,
  0xEF, 0x97, 0x37, 0x96, 0x6F, 0xE5, 0xEC, 0xBA, 0xAC, 0x6A, 0xB3, 0xD4, 0xE2, 0x3C, 0xDF, 0x8B,
  0x25, 0xE7, 0xAC, 0xBC, 0x62, 0x45, 0x31, 0xDD, 0xA4, 0x0A, 0x72, 0xE4, 0x1B, 0xF8, 0x78, 0x43,
  0x01, 0xCC, 0xBA, 0x39, 0x14, 0xDE, 0x5D, 0x90, 0xAE, 0xD8, 0x5A, 0xCF, 0x5E, 0xCA, 0x46, 0x81,
  0x51, 0x33, 0xD5, 0xA6, 0x0E, 0x58, 0x67, 0xD3, 0xD8, 0x66, 0x58, 0x88, 0x16, 0x9B, 0xEE, 0xB1,
  0x1A, 0xCA, 0xAD, 0x91, 0x13, 0x84, 0x21, 0xDA, 0x9A, 0x6E, 0x20, 0xEF, 0xDA, 0x00, 0x74, 0x28,
  0xBA, 0xC9, 0x5F, 0xF3, 0x4D, 0x5D, 0xC3, 0xDA, 0x25, 0x69, 0x25, 0x54, 0xEA, 0x44, 0xBC, 0xC3,
  0x9B, 0x29, 0x33, 0x1C, 0xD6, 0x3C, 0x96, 0x1F, 0x87, 0x81, 0xC5, 0x53, 0xD7, 0x2A, 0x27, 0x33,
  0xD4, 0x2E, 0x19, 0x7C, 0x08, 0x58, 0x6D, 0xDB, 0x4E, 0x19, 0x99, 0xA9, 0xEA, 0x5F, 0xF3, 0x9A,
  0x9D, 0x8C, 0x51, 0x3A, 0x5A, 0x5C, 0xBD, 0x2F, 0xA9, 0x08, 0x35, 0x9B, 0x54, 0xA7, 0xDB, 0x35,
  0x1A, 0x52, 0x16, 0x33, 0x34, 0x3A, 0xA3, 0x80, 0x04, 0x6A, 0xFD, 0xB4, 0x83, 0x8C, 0xAD, 0x90,
  0xCF, 0x0C, 0x3A, 0x65, 0x96, 0xEC, 0x33, 0x4E, 0x18, 0x26, 0xB8, 0x49, 0xBB, 0xEB, 0x81, 0x92,
  0xFF, 0x13, 0x4D, 0x32, 0x4B, 0x23, 0xC7, 0x33, 0xE7, 0xB6, 0x71, 0x6B, 0x15, 0xF6, 0x9C, 0x80,
  0xE6, 0xBC, 0xB7, 0x6C, 0xBE, 0x41, 0xD5, 0x03, 0x3A, 0x71, 0x33, 0x15, 0x00, 0x50, 0x74, 0x3B,
  0x0E, 0x5D, 0xF9, 0x96, 0xAA, 0xED, 0x90, 0x3E, 0xAB, 0x13, 0x4C, 0x80, 0x99, 0x26, 0xBC, 0x38,
  0xA5, 0xEB, 0x02, 0x36, 0x89, 0x1D, 0xB6, 0x20, 0xBE, 0x83, 0xAB, 0x10, 0xF8, 0x19, 0x9E, 0xD7,
  0x63, 0x79, 0xD4, 0xAE, 0xB1, 0x2F, 0x61, 0x36, 0xF9, 0x4A, 0x4B, 0xA8, 0x33, 0xC7, 0x0E, 0x72,
  0x41, 0xF9, 0xF1, 0xB1, 0x90, 0x7E, 0xAE, 0x46, 0xEF, 0xDE, 0x39, 0x7B, 0x75, 0xA0, 0x41, 0x14,
  0x59, 0x04, 0x1D, 0x42, 0xBC, 0x47, 0x88, 0xB8, 0x13, 0x0E, 0x05, 0xFA, 0x1D, 0xF0, 0x80, 0x8D,
  0xFF, 0x70, 0xC6, 0x77, 0xD8, 0x4B, 0xDC, 0x46, 0x0E, 0x23, 0x1A, 0x72, 0xD5, 0xBF, 0xDE, 0xFE,
  0xAA, 0xAE, 0x69, 0x58, 0x3C, 0xFC, 0x5C, 0x46, 0xE4, 0xD5, 0x81, 0x9A, 0x8B, 0x6E, 0x65, 0x59,
  0x77, 0x1A, 0x32, 0xA5, 0x90, 0xA6, 0xB6, 0x64, 0x93, 0x64, 0xFD, 0x07, 0x53, 0xC9, 0xA0, 0xDE,
  0x28, 0xAD, 0x2A, 0x6C, 0xC6, 0x38, 0xD1, 0x81, 0xCE, 0x98, 0xF5, 0x40, 0x19, 0xE9, 0x2C, 0x17,
  0x43, 0xA4, 0x26, 0x5F, 0xD3, 0x44, 0x30, 0x53, 0xE4, 0x1D, 0x02, 0xBA, 0xA4, 0x0A, 0x2F, 0x16,
  0xDD, 0x7A, 0x60, 0x27, 0x52, 0x42, 0xBB, 0xAD, 0x98, 0x37, 0x28, 0x97, 0xE4, 0xB8, 0xD2, 0x79,
  0x11, 0xE3, 0x10, 0x8C, 0x48, 0xD5, 0x30, 0x5D, 0x0A, 0x0C, 0x52, 0xDE, 0xF5, 0x88, 0xEA, 0x8D,
  0x1A, 0x2D, 0x67, 0xC9, 0xF4, 0x80, 0x14, 0x84, 0xB7, 0x85, 0x0C, 0xD1, 0x66, 0x28, 0xA5, 0xC6,
  0x6F, 0x24, 0x61, 0x31, 0x82, 0x04, 0x66, 0x30, 0x82, 0x04, 0x62, 0x02, 0x01, 0x01, 0x30, 0x72,
  0x30, 0x63, 0x31, 0x0B, 0x30, 0x09, 0x06, 0x03, 0x55, 0x04, 0x06, 0x13, 0x02, 0x42, 0x45, 0x31,
  0x19, 0x30, 0x17, 0x06, 0x03, 0x55, 0x04, 0x0A, 0x13, 0x10, 0x47, 0x6C, 0x6F, 0x62, 0x61, 0x6C,
  0x53, 0x69, 0x67, 0x6E, 0x20, 0x6E, 0x76, 0x2D, 0x73, 0x61, 0x31, 0x16, 0x30, 0x14, 0x06, 0x03,
  0x55, 0x04, 0x0B, 0x13, 0x0D, 0x4F, 0x62, 0x6A, 0x65, 0x63, 0x74, 0x53, 0x69, 0x67, 0x6E, 0x20,
  0x43, 0x41, 0x31, 0x21, 0x30, 0x1F, 0x06, 0x03, 0x55, 0x04, 0x03, 0x13, 0x18, 0x47, 0x6C, 0x6F,
  0x62, 0x61, 0x6C, 0x53, 0x69, 0x67, 0x6E, 0x20, 0x4F, 0x62, 0x6A, 0x65, 0x63, 0x74, 0x53, 0x69,
  0x67, 0x6E, 0x20, 0x43, 0x41, 0x02, 0x0B, 0x01, 0x00, 0x00, 0x00, 0x00, 0x01, 0x2E, 0x28, 0x3E,
  0x71, 0x05, 0x30, 0x09, 0x06, 0x05, 0x2B, 0x0E, 0x03, 0x02, 0x1A, 0x05, 0x00, 0xA0, 0x70, 0x30,
  0x10, 0x06, 0x0A, 0x2B, 0x06, 0x01, 0x04, 0x01, 0x82, 0x37, 0x02, 0x01, 0x0C, 0x31, 0x02, 0x30,
  0x00, 0x30, 0x19, 0x06, 0x09, 0x2A, 0x86, 0x48, 0x86, 0xF7, 0x0D, 0x01, 0x09, 0x03, 0x31, 0x0C,
  0x06, 0x0A, 0x2B, 0x06, 0x01, 0x04, 0x01, 0x82, 0x37, 0x02, 0x01, 0x04, 0x30, 0x1C, 0x06, 0x0A,
  0x2B, 0x06, 0x01, 0x04, 0x01, 0x82, 0x37, 0x02, 0x01, 0x0B, 0x31, 0x0E, 0x30, 0x0C, 0x06, 0x0A,
  0x2B, 0x06, 0x01, 0x04, 0x01, 0x82, 0x37, 0x02, 0x01, 0x15, 0x30, 0x23, 0x06, 0x09, 0x2A, 0x86,
  0x48, 0x86, 0xF7, 0x0D, 0x01, 0x09, 0x04, 0x31, 0x16, 0x04, 0x14, 0xD9, 0xE2, 0x50, 0x35, 0x8B,
  0xA4, 0x58, 0x6D, 0x8E, 0xAA, 0x30, 0xC4, 0x70, 0x34, 0x04, 0x8D, 0xCF, 0x15, 0xE4, 0xCD, 0x30,
  0x0D, 0x06, 0x09, 0x2A, 0x86, 0x48, 0x86, 0xF7, 0x0D, 0x01, 0x01, 0x01, 0x05, 0x00, 0x04, 0x82,
  0x01, 0x00, 0x77, 0x5C, 0xE8, 0x0A, 0xD4, 0x0B, 0xEE, 0x0F, 0x76, 0xCC, 0xF9, 0xEC, 0xB5, 0x71,
  0xE3, 0x16, 0xC2, 0xD8, 0x55, 0x91, 0xF2, 0xD5, 0x4E, 0x59, 0x70, 0x81, 0xEC, 0x10, 0x06, 0xCE,
  0x3D, 0xFA, 0xEB, 0x22, 0x3D, 0x79, 0x30, 0x91, 0x10, 0x83, 0x9F, 0xDD, 0xC2, 0x14, 0xB1, 0x09,
  0xC0, 0xF2, 0x77, 0x38, 0xB3, 0xE6, 0xB4, 0x4C, 0x66, 0xB7, 0x5E, 0xE7, 0xD3, 0x47, 0x40, 0x5B,
  0xC1, 0x75, 0xC0, 0x1F, 0x49, 0x7C, 0xFB, 0xF5, 0x9C, 0x5D, 0x20, 0x06, 0x10, 0xBA, 0x7F, 0xA8,
  0xE6, 0x6E, 0x9D, 0x3A, 0x47, 0xAF, 0xC4, 0xE0, 0xE9, 0xE3, 0xD8, 0x99, 0xF2, 0x27, 0xDF, 0xB6,
  0xBC, 0x53, 0xF0, 0xC9, 0x61, 0xDA, 0x5F, 0x5D, 0xD4, 0xB6, 0x00, 0x41, 0xA8, 0x20, 0xCE, 0x6C,
  0x58, 0xDA, 0xA8, 0xDB, 0xCD, 0xE7, 0xD8, 0x6A, 0x38, 0x03, 0xB3, 0xA3, 0x91, 0x0D, 0xA0, 0xDB,
  0x74, 0x2F, 0x9E, 0x82, 0x84, 0xDD, 0xFD, 0xA2, 0x27, 0x5B, 0x0A, 0x0F, 0x67, 0x6A, 0xFF, 0x66,
  0xE2, 0x40, 0x48, 0xC7, 0x5B, 0x43, 0xEB, 0xD8, 0xEE, 0x1D, 0x41, 0x23, 0x43, 0x9E, 0x5D, 0x20,
  0xFB, 0xB2, 0x62, 0x89, 0x26, 0x01, 0x2E, 0xD6, 0x35, 0x90, 0x77, 0xCA, 0x43, 0x66, 0x80, 0x1E,
  0x03, 0x15, 0xCD, 0xAB, 0x10, 0x8E, 0x7A, 0x29, 0xEB, 0x27, 0xA5, 0xBD, 0x20, 0xB4, 0x0F, 0x70,
  0x4B, 0xB2, 0xB5, 0x96, 0xC0, 0x99, 0x18, 0x36, 0xBE, 0x2A, 0x1C, 0x0D, 0xF8, 0x68, 0xB1, 0xB4,
  0x61, 0xB9, 0xB8, 0x4C, 0x4D, 0x88, 0x6C, 0xA2, 0xA6, 0x31, 0xFF, 0x56, 0xEC, 0x6B, 0x7D, 0x71,
  0x28, 0x5C, 0xEB, 0x00, 0x56, 0x4E, 0x9F, 0x9B, 0xAA, 0x04, 0x1C, 0x9F, 0x9E, 0x01, 0x6E, 0xBF,
  0x7F, 0xE8, 0x53, 0xDB, 0x86, 0xB5, 0x68, 0xBD, 0xDD, 0x5B, 0x3E, 0x7D, 0x76, 0x20, 0xD9, 0x2F,
  0x01, 0x39, 0xA1, 0x82, 0x02, 0x57, 0x30, 0x82, 0x02, 0x53, 0x06, 0x09, 0x2A, 0x86, 0x48, 0x86,
  0xF7, 0x0D, 0x01, 0x09, 0x06, 0x31, 0x82, 0x02, 0x44, 0x30, 0x82, 0x02, 0x40, 0x02, 0x01, 0x01,
  0x30, 0x45, 0x30, 0x3E, 0x31, 0x0B, 0x30, 0x09, 0x06, 0x03, 0x55, 0x04, 0x06, 0x13, 0x02, 0x50,
  0x4C, 0x31, 0x1B, 0x30, 0x19, 0x06, 0x03, 0x55, 0x04, 0x0A, 0x13, 0x12, 0x55, 0x6E, 0x69, 0x7A,
  0x65, 0x74, 0x6F, 0x20, 0x53, 0x70, 0x2E, 0x20, 0x7A, 0x20, 0x6F, 0x2E, 0x6F, 0x2E, 0x31, 0x12,
  0x30, 0x10, 0x06, 0x03, 0x55, 0x04, 0x03, 0x13, 0x09, 0x43, 0x65, 0x72, 0x74, 0x75, 0x6D, 0x20,
  0x43, 0x41, 0x02, 0x03, 0x04, 0x7A, 0x55, 0x30, 0x09, 0x06, 0x05, 0x2B, 0x0E, 0x03, 0x02, 0x1A,
  0x05, 0x00, 0xA0, 0x81, 0xD5, 0x30, 0x18, 0x06, 0x09, 0x2A, 0x86, 0x48, 0x86, 0xF7, 0x0D, 0x01,
  0x09, 0x03, 0x31, 0x0B, 0x06, 0x09, 0x2A, 0x86, 0x48, 0x86, 0xF7, 0x0D, 0x01, 0x07, 0x01, 0x30,
  0x1C, 0x06, 0x09, 0x2A, 0x86, 0x48, 0x86, 0xF7, 0x0D, 0x01, 0x09, 0x05, 0x31, 0x0F, 0x17, 0x0D,
  0x31, 0x31, 0x30, 0x32, 0x31, 0x38, 0x30, 0x32, 0x32, 0x32, 0x33, 0x36, 0x5A, 0x30, 0x23, 0x06,
  0x09, 0x2A, 0x86, 0x48, 0x86, 0xF7, 0x0D, 0x01, 0x09, 0x04, 0x31, 0x16, 0x04, 0x14, 0x83, 0xCE,
  0x81, 0x89, 0x42, 0x33, 0xE9, 0xBB, 0x55, 0xC0, 0x70, 0xB2, 0x73, 0x8B, 0x44, 0x3D, 0xBA, 0x92,
  0xF2, 0xB8, 0x30, 0x76, 0x06, 0x0B, 0x2A, 0x86, 0x48, 0x86, 0xF7, 0x0D, 0x01, 0x09, 0x10, 0x02,
  0x0C, 0x31, 0x67, 0x30, 0x65, 0x30, 0x63, 0x30, 0x61, 0x04, 0x14, 0x0D, 0x2C, 0xF9, 0x62, 0xFB,
  0x4D, 0x04, 0x2F, 0x2F, 0x14, 0x01, 0xDE, 0x66, 0xEA, 0xCB, 0xA8, 0x0D, 0xA7, 0x61, 0x12, 0x30,
  0x49, 0x30, 0x42, 0xA4, 0x40, 0x30, 0x3E, 0x31, 0x0B, 0x30, 0x09, 0x06, 0x03, 0x55, 0x04, 0x06,
  0x13, 0x02, 0x50, 0x4C, 0x31, 0x1B, 0x30, 0x19, 0x06, 0x03, 0x55, 0x04, 0x0A, 0x13, 0x12, 0x55,
  0x6E, 0x69, 0x7A, 0x65, 0x74, 0x6F, 0x20, 0x53, 0x70, 0x2E, 0x20, 0x7A, 0x20, 0x6F, 0x2E, 0x6F,
  0x2E, 0x31, 0x12, 0x30, 0x10, 0x06, 0x03, 0x55, 0x04, 0x03, 0x13, 0x09, 0x43, 0x65, 0x72, 0x74,
  0x75, 0x6D, 0x20, 0x43, 0x41, 0x02, 0x03, 0x04, 0x7A, 0x55, 0x30, 0x0D, 0x06, 0x09, 0x2A, 0x86,
  0x48, 0x86, 0xF7, 0x0D, 0x01, 0x01, 0x01, 0x05, 0x00, 0x04, 0x82, 0x01, 0x00, 0x4F, 0x66, 0x73,
  0xDA, 0x5C, 0x44, 0xC2, 0x0C, 0xB3, 0x77, 0x8C, 0x87, 0x1F, 0x22, 0xC3, 0x91, 0x05, 0x66, 0xDB,
  0x92, 0xF7, 0xB0, 0x6A, 0x5C, 0x0A, 0xF0, 0x05, 0xAF, 0x6A, 0x10, 0x9A, 0x97, 0x31, 0xCF, 0x81,
  0x48, 0x16, 0xFC, 0xAF, 0x12, 0xA0, 0x01, 0xB4, 0xAB, 0x13, 0x37, 0xF8, 0xB0, 0x5D, 0x24, 0xD0,
  0x24, 0xFA, 0x2B, 0xC6, 0x70, 0xF4, 0xA4, 0x36, 0xC9, 0xB2, 0x3B, 0x86, 0x00, 0x1F, 0x8B, 0x5D,
  0x82, 0x14, 0xFE, 0xD9, 0x87, 0xE0, 0x5B, 0xB1, 0x64, 0xED, 0x7E, 0x34, 0x98, 0x22, 0x4B, 0xEC,
  0x8A, 0x92, 0x24, 0x1A, 0x96, 0xF1, 0x4F, 0x9A, 0x3D, 0x0B, 0xA0, 0xEB, 0x21, 0x40, 0x7E, 0x53,
  0x78, 0xEA, 0xD4, 0x2C, 0x0D, 0x0E, 0x75, 0xFE, 0xE8, 0x61, 0xD1, 0x80, 0x11, 0x21, 0xA6, 0x32,
  0x4C, 0x1D, 0xA7, 0x4E, 0x2F, 0x70, 0xB0, 0x27, 0x1F, 0x28, 0x44, 0x54, 0xD7, 0x1B, 0xF3, 0xA5,
  0xAE, 0xF3, 0x5B, 0x6B, 0x08, 0xE3, 0xD6, 0xA8, 0x4D, 0xEC, 0xFF, 0x53, 0x61, 0xCE, 0x4B, 0xFC,
  0x24, 0xB3, 0x46, 0x0C, 0x13, 0x9A, 0x2E, 0x67, 0x58, 0x8F, 0x17, 0xCE, 0x6B, 0x72, 0xB1, 0xE5,
  0x49, 0x96, 0x25, 0x75, 0xE9, 0x7E, 0xA4, 0xC4, 0xA3, 0xCC, 0x8E, 0xEB, 0xFF, 0x3E, 0x3D, 0x41,
  0x77, 0x47, 0x71, 0x79, 0x65, 0xE6, 0xF9, 0x0E, 0xBE, 0x59, 0xD7, 0x44, 0x2C, 0x77, 0xDC, 0xBE,
  0x9A, 0x16, 0x6C, 0x86, 0xEA, 0x22, 0xB7, 0x28, 0x12, 0xDA, 0xE9, 0xE4, 0x42, 0xF1, 0x9B, 0xE0,
  0xA7, 0xB8, 0x72, 0x90, 0xF2, 0x27, 0x57, 0x15, 0xF1, 0xE7, 0xCC, 0x94, 0xB4, 0xC4, 0xE8, 0x63,
  0x19, 0x97, 0x49, 0xB5, 0x22, 0x9D, 0x11, 0x21, 0x76, 0x9F, 0xEE, 0x45, 0x19, 0xA8, 0x2B, 0x6F,
  0x3B, 0x67, 0x9A, 0xEC, 0xBA, 0x95, 0x19, 0x68, 0xED, 0x8C, 0x5A, 0x11, 0x8C, 0x00, 0x00, 0x00,
};
static const size_t portwell_driver_bytes_size = sizeof(portwell_driver_bytes);

// 15400 bytes, generated by util/buildscripts/scripts/gen_driver_resource.py
static const unsigned char tbt_driver_bytes[] = {
  0x4D, 0x5A, 0x90, 0x00, 0x03, 0x00, 0x00, 0x00, 0x04, 0x00, 0x00, 0x00, 0xFF, 0xFF, 0x00, 0x00,
  0xB8, 0x00, 0x00, 0x00, 0x00, 0x00, 0x00, 0x00, 0x40, 0x00, 0x00, 0x00, 0x00, 0x00, 0x00, 0x00,
  0x00, 0x00, 0x00, 0x00, 0x00, 0x00, 0x00, 0x00, 0x00, 0x00, 0x00, 0x00, 0x00, 0x00, 0x00, 0x00,
  0x00, 0x00, 0x00, 0x00, 0x00, 0x00, 0x00, 0x00, 0x00, 0x00, 0x00, 0x00, 0xE0, 0x00, 0x00, 0x00,
  0x0E, 0x1F, 0xBA, 0x0E, 0x00, 0xB4, 0x09, 0xCD, 0x21, 0xB8, 0x01, 0x4C, 0xCD, 0x21, 0x54, 0x68,
  0x69, 0x73, 0x20, 0x70, 0x72, 0x6F, 0x67, 0x72, 0x61, 0x6D, 0x20, 0x63, 0x61, 0x6E, 0x6E, 0x6F,
  0x74, 0x20, 0x62, 0x65, 0x20, 0x72, 0x75, 0x6E, 0x20, 0x69, 0x6E, 0x20, 0x44, 0x4F, 0x53, 0x20,
  0x6D, 0x6F, 0x64, 0x65, 0x2E, 0x0D, 0x0D, 0x0A, 0x24, 0x00, 0x00, 0x00, 0x00, 0x00, 0x00, 0x00,
  0x79, 0x37, 0x07, 0xB9, 0x3D, 0x56, 0x69, 0xEA, 0x3D, 0x56, 0x69, 0xEA, 0x3D, 0x56, 0x69, 0xEA,
  0x3D, 0x56, 0x68, 0xEA, 0x33, 0x56, 0x69, 0xEA, 0x34, 0x2E, 0xFA, 0xEA, 0x38, 0x56, 0x69, 0xEA,
  0x34, 0x2E, 0xEA, 0xEA, 0x3E, 0x56, 0x69, 0xEA, 0x34, 0x2E, 0xFC, 0xEA, 0x39, 0x56, 0x69, 0xEA,
  0x34, 0x2E, 0xE3, 0xEA, 0x3C, 0x56, 0x69, 0xEA, 0x34, 0x2E, 0xF8, 0xEA, 0x3C, 0x56, 0x69, 0xEA,
  0x52, 0x69, 0x63, 0x68, 0x3D, 0x56, 0x69, 0xEA, 0x00, 0x00, 0x00, 0x00, 0x00, 0x00, 0x00, 0x00,
  0x00, 0x00, 0x00, 0x00, 0x00, 0x00, 0x00, 0x00, 0x00, 0x00, 0x00, 0x00, 0x00, 0x00, 0x00, 0x00,
  0x50, 0x45, 0x00, 0x00, 0x64, 0x86, 0x05, 0x00, 0x5F, 0x6B, 0x67, 0x51, 0x00, 0x00, 0x00, 0x00,
  0x00, 0x00, 0x00, 0x00, 0xF0, 0x00, 0x22, 0x00, 0x0B, 0x02, 0x09, 0x00, 0x00, 0x1E, 0x00, 0x00,
  0x00, 0x06, 0x00, 0x00, 0x00, 0x00, 0x00, 0x00, 0x64, 0x60, 0x00, 0x00, 0x00, 0x10, 0x00, 0x00,
  0x00, 0x00, 0x01, 0x00, 0x00, 0x00, 0x00, 0x00, 0x00, 0x10, 0x00, 0x00, 0x00, 0x02, 0x00, 0x00,
  0x06, 0x00, 0x01, 0x00, 0x06, 0x00, 0x01, 0x00, 0x06, 0x00, 0x01, 0x00, 0x00, 0x00, 0x00, 0x00,
  0x00, 0x70, 0x00, 0x00, 0x00, 0x04, 0x00, 0x00, 0x63, 0x01, 0x01, 0x00, 0x01, 0x00, 0x00, 0x00,
  0x00, 0x00, 0x04, 0x00, 0x00, 0x00, 0x00, 0x00, 0x00, 0x10, 0x00, 0x00, 0x00, 0x00, 0x00, 0x00,
  0x00, 0x00, 0x10, 0x00, 0x00, 0x00, 0x00, 0x00, 0x00, 0x10, 0x00, 0x00, 0x00, 0x00, 0x00, 0x00,
  0x00, 0x00, 0x00, 0x00, 0x10, 0x00, 0x00, 0x00, 0x00, 0x00, 0x00, 0x00, 0x00, 0x00, 0x00, 0x00,
  0x84, 0x60, 0x00, 0x00, 0x3C, 0x00, 0x00, 0x00, 0x00, 0x00, 0x00, 0x00, 0x00, 0x00, 0x00, 0x00,
  0x00, 0x50, 0x00, 0x00, 0x08, 0x01, 0x00, 0x00, 0x00, 0x28, 0x00, 0x00, 0x28, 0x14, 0x00, 0x00,
  0x00, 0x00, 0x00, 0x00, 0x00, 0x00, 0x00, 0x00, 0x80, 0x30, 0x00, 0x00, 0x1C, 0x00, 0x00, 0x00,
  0x00, 0x00, 0x00, 0x00, 0x00, 0x00, 0x00, 0x00, 0x00, 0x00, 0x00, 0x00, 0x00, 0x00, 0x00, 0x00,
  0x00, 0x00, 0x00, 0x00, 0x00, 0x00, 0x00, 0x00, 0x00, 0x00, 0x00, 0x00, 0x00, 0x00, 0x00, 0x00,
  0x00, 0x00, 0x00, 0x00, 0x00, 0x00, 0x00, 0x00, 0x00, 0x30, 0x00, 0x00, 0x80, 0x00, 0x00, 0x00,
  0x00, 0x00, 0x00, 0x00, 0x00, 0x00, 0x00, 0x00, 0x00, 0x00, 0x00, 0x00, 0x00, 0x00, 0x00, 0x00,
  0x00, 0x00, 0x00, 0x00, 0x00, 0x00, 0x00, 0x00, 0x2E, 0x74, 0x65, 0x78, 0x74, 0x00, 0x00, 0x00,
  0xC4, 0x18, 0x00, 0x00, 0x00, 0x10, 0x00, 0x00, 0x00, 0x1A, 0x00, 0x00, 0x00, 0x04, 0x00, 0x00,
  0x00, 0x00, 0x00, 0x00, 0x00, 0x00, 0x00, 0x00, 0x00, 0x00, 0x00, 0x00, 0x20, 0x00, 0x00, 0x68,
  0x2E, 0x72, 0x64, 0x61, 0x74, 0x61, 0x00, 0x00, 0xB4, 0x01, 0x00, 0x00, 0x00, 0x30, 0x00, 0x00,
  0x00, 0x02, 0x00, 0x00, 0x00, 0x1E, 0x00, 0x00, 0x00, 0x00, 0x00, 0x00, 0x00, 0x00, 0x00, 0x00,
  0x00, 0x00, 0x00, 0x00, 0x40, 0x00, 0x00, 0x48, 0x2E, 0x64, 0x61, 0x74, 0x61, 0x00, 0x00, 0x00,
  0x98, 0x01, 0x00, 0x00, 0x00, 0x40, 0x00, 0x00, 0x00, 0x02, 0x00, 0x00, 0x00, 0x20, 0x00, 0x00,
  0x00, 0x00, 0x00, 0x00, 0x00, 0x00, 0x00, 0x00, 0x00, 0x00, 0x00, 0x00, 0x40, 0x00, 0x00, 0xC8,
  0x2E, 0x70, 0x64, 0x61, 0x74, 0x61, 0x00, 0x00, 0x08, 0x01, 0x00, 0x00, 0x00, 0x50, 0x00, 0x00,
  0x00, 0x02, 0x00, 0x00, 0x00, 0x22, 0x00, 0x00, 0x00, 0x00, 0x00, 0x00, 0x00, 0x00, 0x00, 0x00,
  0x00, 0x00, 0x00, 0x00, 0x40, 0x00, 0x00, 0x48, 0x49, 0x4E, 0x49, 0x54, 0x00, 0x00, 0x00, 0x00,
  0x8A, 0x02, 0x00, 0x00, 0x00, 0x60, 0x00, 0x00, 0x00, 0x04, 0x00, 0x00, 0x00, 0x24, 0x00, 0x00,
  0x00, 0x00, 0x00, 0x00, 0x00, 0x00, 0x00, 0x00, 0x00, 0x00, 0x00, 0x00, 0x20, 0x00, 0x00, 0xE2,
  0x00, 0x00, 0x00, 0x00, 0x00, 0x00, 0x00, 0x00, 0x00, 0x00, 0x00, 0x00, 0x00, 0x00, 0x00, 0x00,
  0x00, 0x00, 0x00, 0x00, 0x00, 0x00, 0x00, 0x00, 0x00, 0x00, 0x00, 0x00, 0x00, 0x00, 0x00, 0x00,
  0x00, 0x00, 0x00, 0x00, 0x00, 0x00, 0x00, 0x00, 0x00, 0x00, 0x00, 0x00, 0x00, 0x00, 0x00, 0x00,
  0x00, 0x00, 0x00, 0x00, 0x00, 0x00, 0x00, 0x00, 0x00, 0x00, 0x00, 0x00, 0x00, 0x00, 0x00, 0x00,
  0x00, 0x00, 0x00, 0x00, 0x00, 0x00, 0x00, 0x00, 0x00, 0x00, 0x00, 0x00, 0x00, 0x00, 0x00, 0x00,
  0x00, 0x00, 0x00, 0x00, 0x00, 0x00, 0x00, 0x00, 0x00, 0x00, 0x00, 0x00, 0x00, 0x00, 0x00, 0x00,
  0x00, 0x00, 0x00, 0x00, 0x00, 0x00, 0x00, 0x00, 0x00, 0x00, 0x00, 0x00, 0x00, 0x00, 0x00, 0x00,
  0x00, 0x00, 0x00, 0x00, 0x00, 0x00, 0x00, 0x00, 0x00, 0x00, 0x00, 0x00, 0x00, 0x00, 0x00, 0x00,
  0x00, 0x00, 0x00, 0x00, 0x00, 0x00, 0x00, 0x00, 0x00, 0x00, 0x00, 0x00, 0x00, 0x00, 0x00, 0x00,
  0x00, 0x00, 0x00, 0x00, 0x00, 0x00, 0x00, 0x00, 0x00, 0x00, 0x00, 0x00, 0x00, 0x00, 0x00, 0x00,
  0x00, 0x00, 0x00, 0x00, 0x00, 0x00, 0x00, 0x00, 0x00, 0x00, 0x00, 0x00, 0x00, 0x00, 0x00, 0x00,
  0x00, 0x00, 0x00, 0x00, 0x00, 0x00, 0x00, 0x00, 0x00, 0x00, 0x00, 0x00, 0x00, 0x00, 0x00, 0x00,
  0x00, 0x00, 0x00, 0x00, 0x00, 0x00, 0x00, 0x00, 0x00, 0x00, 0x00, 0x00, 0x00, 0x00, 0x00, 0x00,
  0x00, 0x00, 0x00, 0x00, 0x00, 0x00, 0x00, 0x00, 0x00, 0x00, 0x00, 0x00, 0x00, 0x00, 0x00, 0x00,
  0x00, 0x00, 0x00, 0x00, 0x00, 0x00, 0x00, 0x00, 0x00, 0x00, 0x00, 0x00, 0x00, 0x00, 0x00, 0x00,
  0x00, 0x00, 0x00, 0x00, 0x00, 0x00, 0x00, 0x00, 0x00, 0x00, 0x00, 0x00, 0x00, 0x00, 0x00, 0x00,
  0x00, 0x00, 0x00, 0x00, 0x00, 0x00, 0x00, 0x00, 0x00, 0x00, 0x00, 0x00, 0x00, 0x00, 0x00, 0x00,
  0x00, 0x00, 0x00, 0x00, 0x00, 0x00, 0x00, 0x00, 0x00, 0x00, 0x00, 0x00, 0x00, 0x00, 0x00, 0x00,
  0x00, 0x00, 0x00, 0x00, 0x00, 0x00, 0x00, 0x00, 0x00, 0x00, 0x00, 0x00, 0x00, 0x00, 0x00, 0x00,
  0x00, 0x00, 0x00, 0x00, 0x00, 0x00, 0x00, 0x00, 0x00, 0x00, 0x00, 0x00, 0x00, 0x00, 0x00, 0x00,
  0x00, 0x00, 0x00, 0x00, 0x00, 0x00, 0x00, 0x00, 0x00, 0x00, 0x00, 0x00, 0x00, 0x00, 0x00, 0x00,
  0x00, 0x00, 0x00, 0x00, 0x00, 0x00, 0x00, 0x00, 0x40, 0x53, 0x48, 0x83, 0xEC, 0x60, 0x48, 0x8B,
  0xD9, 0x48, 0x8D, 0x15, 0x28, 0x31, 0x00, 0x00, 0x48, 0x8D, 0x4C, 0x24, 0x40, 0xFF, 0x15, 0x3D,
  0x20, 0x00, 0x00, 0x4C, 0x8D, 0x9C, 0x24, 0x80, 0x00, 0x00, 0x00, 0x4C, 0x8D, 0x44, 0x24, 0x40,
  0x4C, 0x89, 0x5C, 0x24, 0x30, 0x41, 0xB9, 0x22, 0x00, 0x00, 0x00, 0x33, 0xD2, 0x48, 0x8B, 0xCB,
  0xC6, 0x44, 0x24, 0x28, 0x00, 0x83, 0x64, 0x24, 0x20, 0x00, 0xFF, 0x15, 0xF8, 0x1F, 0x00, 0x00,
  0x85, 0xC0, 0x78, 0x7A, 0x48, 0x8D, 0x05, 0xBD, 0x00, 0x00, 0x00, 0x48, 0x8D, 0x15, 0xAE, 0x30,
  0x00, 0x00, 0x48, 0x8D, 0x4C, 0x24, 0x50, 0x48, 0x89, 0x43, 0x70, 0x48, 0x8D, 0x05, 0x46, 0x01,
  0x00, 0x00, 0x48, 0x89, 0x83, 0xE0, 0x00, 0x00, 0x00, 0x48, 0x8D, 0x05, 0xD4, 0x00, 0x00, 0x00,
  0x48, 0x89, 0x83, 0x80, 0x00, 0x00, 0x00, 0x48, 0x8D, 0x05, 0x4E, 0x00, 0x00, 0x00, 0x48, 0x89,
  0x43, 0x68, 0xFF, 0x15, 0xC8, 0x1F, 0x00, 0x00, 0x48, 0x8D, 0x54, 0x24, 0x40, 0x48, 0x8D, 0x4C,
  0x24, 0x50, 0xFF, 0x15, 0x98, 0x1F, 0x00, 0x00, 0x8B, 0xD8, 0x85, 0xC0, 0x79, 0x19, 0x48, 0x8B,
  0x8C, 0x24, 0x80, 0x00, 0x00, 0x00, 0xFF, 0x15, 0x7C, 0x1F, 0x00, 0x00, 0x83, 0x0D, 0xBD, 0x30,
  0x00, 0x00, 0xFF, 0x8B, 0xC3, 0xEB, 0x07, 0x83, 0x25, 0xB2, 0x30, 0x00, 0x00, 0x00, 0x48, 0x83,
  0xC4, 0x60, 0x5B, 0xC3, 0xCC, 0xCC, 0xCC, 0xCC, 0xCC, 0xCC, 0xCC, 0xCC, 0x40, 0x53, 0x48, 0x83,
  0xEC, 0x30, 0x48, 0x8B, 0xD9, 0x48, 0x8D, 0x15, 0x24, 0x30, 0x00, 0x00, 0x48, 0x8D, 0x4C, 0x24,
  0x20, 0xFF, 0x15, 0x69, 0x1F, 0x00, 0x00, 0x48, 0x8D, 0x4C, 0x24, 0x20, 0xFF, 0x15, 0x6E, 0x1F,
  0x00, 0x00, 0x48, 0x8B, 0x4B, 0x08, 0xFF, 0x15, 0x2C, 0x1F, 0x00, 0x00, 0x48, 0x83, 0xC4, 0x30,
  0x5B, 0xC3, 0xCC, 0xCC, 0xCC, 0xCC, 0xCC, 0xCC, 0x48, 0x83, 0xEC, 0x28, 0x8B, 0x05, 0x5E, 0x30,
  0x00, 0x00, 0x4C, 0x8B, 0xC2, 0x83, 0xF8, 0xFF, 0x74, 0x08, 0xFF, 0xC0, 0x89, 0x05, 0x4E, 0x30,
  0x00, 0x00, 0x83, 0x62, 0x30, 0x00, 0x48, 0x83, 0x62, 0x38, 0x00, 0x49, 0x8B, 0xC8, 0x33, 0xD2,
  0xFF, 0x15, 0x22, 0x1F, 0x00, 0x00, 0x33, 0xC0, 0x48, 0x83, 0xC4, 0x28, 0xC3, 0xCC, 0xCC, 0xCC,
  0xCC, 0xCC, 0xCC, 0xCC, 0x40, 0x53, 0x48, 0x83, 0xEC, 0x20, 0x8B, 0x05, 0x20, 0x30, 0x00, 0x00,
  0x83, 0xC9, 0xFF, 0x48, 0x8B, 0xDA, 0x3B, 0xC1, 0x74, 0x08, 0x03, 0xC1, 0x89, 0x05, 0x0E, 0x30,
  0x00, 0x00, 0x85, 0xC0, 0x75, 0x1F, 0x48, 0x8B, 0x0D, 0x0B, 0x30, 0x00, 0x00, 0x48, 0x85, 0xC9,
  0x74, 0x13, 0xBA, 0x00, 0x04, 0x00, 0x00, 0xFF, 0x15, 0x93, 0x1E, 0x00, 0x00, 0x48, 0x83, 0x25,
  0xF3, 0x2F, 0x00, 0x00, 0x00, 0x83, 0x63, 0x30, 0x00, 0x48, 0x83, 0x63, 0x38, 0x00, 0x33, 0xD2,
  0x48, 0x8B, 0xCB, 0xFF, 0x15, 0xBF, 0x1E, 0x00, 0x00, 0x33, 0xC0, 0x48, 0x83, 0xC4, 0x20, 0x5B,
  0xC3, 0xCC, 0xCC, 0xCC, 0xCC, 0xCC, 0xCC, 0xCC, 0x48, 0x89, 0x5C, 0x24, 0x08, 0x57, 0x48, 0x83,
  0xEC, 0x30, 0x48, 0x8B, 0x8A, 0xB8, 0x00, 0x00, 0x00, 0x48, 0x8B, 0xFA, 0xBA, 0xC4, 0x20, 0x22,
  0x00, 0x8B, 0x41, 0x18, 0x3B, 0xC2, 0x0F, 0x87, 0xD5, 0x02, 0x00, 0x00, 0x0F, 0x84, 0x8E, 0x02,
  0x00, 0x00, 0xBA, 0x50, 0x20, 0x22, 0x00, 0x3B, 0xC2, 0x0F, 0x87, 0x78, 0x01, 0x00, 0x00, 0x0F,
  0x84, 0x62, 0x01, 0x00, 0x00, 0x2D, 0x00, 0x20, 0x22, 0x00, 0x0F, 0x84, 0x27, 0x01, 0x00, 0x00,
  0x83, 0xE8, 0x04, 0x0F, 0x84, 0xF3, 0x00, 0x00, 0x00, 0x83, 0xE8, 0x3C, 0x0F, 0x84, 0xA9, 0x00,
  0x00, 0x00, 0x83, 0xE8, 0x04, 0x74, 0x53, 0x83, 0xE8, 0x04, 0x74, 0x1B, 0x83, 0xF8, 0x04, 0x0F,
  0x85, 0xEE, 0x03, 0x00, 0x00, 0x48, 0x8B, 0xD1, 0x48, 0x8B, 0xCF, 0xE8, 0x88, 0x04, 0x00, 0x00,
  0x8B, 0xD8, 0xE9, 0x6C, 0x04, 0x00, 0x00, 0x33, 0xD2, 0x83, 0x79, 0x10, 0x06, 0x74, 0x0F, 0xBB,
  0x0D, 0x00, 0x00, 0xC0, 0x48, 0x83, 0x67, 0x38, 0x00, 0xE9, 0x1E, 0x04, 0x00, 0x00, 0x48, 0x8B,
  0x4F, 0x18, 0x8B, 0x01, 0x89, 0x05, 0x0A, 0x2F, 0x00, 0x00, 0x0F, 0xB7, 0x41, 0x04, 0x66, 0x89,
  0x05, 0x03, 0x2F, 0x00, 0x00, 0xE9, 0x25, 0x04, 0x00, 0x00, 0x83, 0x79, 0x10, 0x07, 0x0F, 0x85,
  0xEC, 0x03, 0x00, 0x00, 0x48, 0x8B, 0x57, 0x18, 0x0F, 0xB6, 0x4A, 0x02, 0x83, 0xE9, 0x01, 0x74,
  0x2E, 0x83, 0xE9, 0x01, 0x74, 0x1B, 0x83, 0xF9, 0x02, 0x74, 0x0A, 0xBB, 0x24, 0x00, 0x00, 0xC0,
  0xE9, 0xD0, 0x03, 0x00, 0x00, 0x8B, 0x42, 0x03, 0x0F, 0xB7, 0x12, 0xEF, 0xE9, 0xEC, 0x03, 0x00,
  0x00, 0x0F, 0xB7, 0x42, 0x03, 0x0F, 0xB7, 0x12, 0x66, 0xEF, 0xE9, 0xDE, 0x03, 0x00, 0x00, 0x8A,
  0x42, 0x03, 0x0F, 0xB7, 0x12, 0xEE, 0xE9, 0xD2, 0x03, 0x00, 0x00, 0x83, 0x79, 0x10, 0x02, 0x44,
  0x8B, 0x41, 0x08, 0x0F, 0x85, 0x97, 0x03, 0x00, 0x00, 0x48, 0x8B, 0x4F, 0x18, 0x41, 0x8B, 0xC0,
  0x83, 0xE8, 0x01, 0x0F, 0xB7, 0x11, 0x74, 0x16, 0x83, 0xE8, 0x01, 0x74, 0x0A, 0x83, 0xF8, 0x02,
  0x75, 0xA9, 0xED, 0x89, 0x01, 0xEB, 0x0A, 0x66, 0xED, 0x66, 0x89, 0x01, 0xEB, 0x03, 0xEC, 0x88,
  0x01, 0x4C, 0x89, 0x47, 0x38, 0x33, 0xD2, 0xE9, 0x98, 0x03, 0x00, 0x00, 0x33, 0xD2, 0x83, 0x79,
  0x08, 0x04, 0x73, 0x0A, 0xBB, 0x23, 0x00, 0x00, 0xC0, 0xE9, 0x36, 0xFF, 0xFF, 0xFF, 0x48, 0x8B,
  0x4F, 0x18, 0x8B, 0x05, 0x68, 0x2E, 0x00, 0x00, 0x89, 0x01, 0x48, 0xC7, 0x47, 0x38, 0x04, 0x00,
  0x00, 0x00, 0xE9, 0x6D, 0x03, 0x00, 0x00, 0x33, 0xD2, 0x83, 0x79, 0x08, 0x06, 0x72, 0xD5, 0x48,
  0x8B, 0x47, 0x18, 0xB9, 0xDD, 0x07, 0x00, 0x00, 0xC6, 0x00, 0x02, 0x88, 0x50, 0x01, 0x66, 0x89,
  0x48, 0x02, 0xC6, 0x40, 0x04, 0x04, 0xC6, 0x40, 0x05, 0x0C, 0x48, 0xC7, 0x47, 0x38, 0x06, 0x00,
  0x00, 0x00, 0xE9, 0x3D, 0x03, 0x00, 0x00, 0x48, 0x8B, 0xD1, 0x48, 0x8B, 0xCF, 0xE8, 0x66, 0x04,
  0x00, 0x00, 0xE9, 0xC9, 0xFE, 0xFF, 0xFF, 0x2D, 0x54, 0x20, 0x22, 0x00, 0x0F, 0x84, 0xAD, 0x00,
  0x00, 0x00, 0x83, 0xE8, 0x04, 0x74, 0x71, 0x83, 0xE8, 0x04, 0x74, 0x4F, 0x83, 0xE8, 0x04, 0x74,
  0x3A, 0x83, 0xF8, 0x60, 0x0F, 0x85, 0x89, 0x02, 0x00, 0x00, 0x83, 0x79, 0x10, 0x08, 0x0F, 0x85,
  0xCC, 0x02, 0x00, 0x00, 0x83, 0x79, 0x08, 0x08, 0x0F, 0x82, 0xC2, 0x02, 0x00, 0x00, 0x48, 0x8B,
  0x5F, 0x18, 0x48, 0x8B, 0x0B, 0xFF, 0x15, 0x7D, 0x1C, 0x00, 0x00, 0x48, 0x89, 0x03, 0x48, 0xC7,
  0x47, 0x38, 0x08, 0x00, 0x00, 0x00, 0xE9, 0x3A, 0xFF, 0xFF, 0xFF, 0x48, 0x8B, 0xD1, 0x48, 0x8B,
  0xCF, 0xE8, 0xFA, 0x04, 0x00, 0x00, 0xE9, 0x65, 0xFE, 0xFF, 0xFF, 0x33, 0xD2, 0x83, 0x79, 0x10,
  0x04, 0x0F, 0x85, 0x68, 0xFE, 0xFF, 0xFF, 0x48, 0x8B, 0x47, 0x18, 0x8B, 0x08, 0x89, 0x0D, 0x89,
  0x2D, 0x00, 0x00, 0xE9, 0xA7, 0x02, 0x00, 0x00, 0x83, 0x79, 0x10, 0x0B, 0x0F, 0x85, 0x6E, 0x02,
  0x00, 0x00, 0x48, 0x8B, 0x4F, 0x18, 0x0F, 0xB7, 0x41, 0x04, 0x25, 0xFC, 0x00, 0x00, 0x00, 0x0B,
  0x01, 0x80, 0x79, 0x06, 0x04, 0x0F, 0x85, 0x55, 0x02, 0x00, 0x00, 0xBA, 0xF8, 0x0C, 0x00, 0x00,
  0xEF, 0x8B, 0x41, 0x07, 0xBA, 0xFC, 0x0C, 0x00, 0x00, 0xEF, 0xE9, 0x6E, 0x02, 0x00, 0x00, 0x83,
  0x79, 0x10, 0x06, 0x0F, 0x85, 0x37, 0x02, 0x00, 0x00, 0x83, 0x79, 0x08, 0x04, 0x0F, 0x85, 0x2D,
  0x02, 0x00, 0x00, 0x48, 0x8B, 0x4F, 0x18, 0x48, 0x8D, 0x54, 0x24, 0x48, 0x8B, 0x01, 0x89, 0x02,
  0x0F, 0xB7, 0x41, 0x04, 0x66, 0x89, 0x42, 0x04, 0x8B, 0x44, 0x24, 0x4C, 0xBA, 0xF8, 0x0C, 0x00,
  0x00, 0x25, 0xFC, 0x00, 0x00, 0x00, 0x0B, 0x44, 0x24, 0x48, 0xEF, 0xBA, 0xFC, 0x0C, 0x00, 0x00,
  0xED, 0x89, 0x01, 0x48, 0xC7, 0x47, 0x38, 0x04, 0x00, 0x00, 0x00, 0xE9, 0x85, 0xFE, 0xFF, 0xFF,
  0x83, 0x79, 0x10, 0x0C, 0x0F, 0x85, 0xE6, 0x01, 0x00, 0x00, 0x83, 0x79, 0x08, 0x10, 0x0F, 0x82,
  0xDC, 0x01, 0x00, 0x00, 0x48, 0x8B, 0x5F, 0x18, 0x8B, 0x0B, 0x48, 0x8B, 0x53, 0x04, 0xFF, 0x15,
  0xBC, 0x1B, 0x00, 0x00, 0x48, 0x8B, 0xC8, 0x48, 0x89, 0x43, 0x08, 0xFF, 0x15, 0x87, 0x1B, 0x00,
  0x00, 0x48, 0x89, 0x03, 0x48, 0xC7, 0x47, 0x38, 0x10, 0x00, 0x00, 0x00, 0xE9, 0x44, 0xFE, 0xFF,
  0xFF, 0xBA, 0x40, 0x21, 0x22, 0x00, 0x3B, 0xC2, 0x0F, 0x87, 0x3A, 0x01, 0x00, 0x00, 0x0F, 0x84,
  0x0C, 0x01, 0x00, 0x00, 0x2D, 0xC8, 0x20, 0x22, 0x00, 0x0F, 0x84, 0xE4, 0x00, 0x00, 0x00, 0x83,
  0xE8, 0x04, 0x0F, 0x84, 0xCB, 0x00, 0x00, 0x00, 0x83, 0xE8, 0x04, 0x0F, 0x84, 0xB2, 0x00, 0x00,
  0x00, 0x83, 0xE8, 0x04, 0x0F, 0x84, 0x99, 0x00, 0x00, 0x00, 0x83, 0xE8, 0x2C, 0x0F, 0x84, 0x80,
  0x00, 0x00, 0x00, 0x83, 0xF8, 0x04, 0x0F, 0x85, 0x17, 0x01, 0x00, 0x00, 0x83, 0x79, 0x10, 0x0B,
  0x0F, 0x85, 0x5A, 0x01, 0x00, 0x00, 0x48, 0x8B, 0x5F, 0x18, 0xB9, 0x04, 0x00, 0x00, 0x00, 0x8B,
  0x03, 0x44, 0x0F, 0xB7, 0x53, 0x04, 0x0F, 0xB6, 0x53, 0x02, 0x44, 0x8B, 0xC0, 0x25, 0x00, 0x07,
  0x00, 0x00, 0x4C, 0x8D, 0x4B, 0x07, 0x41, 0xC1, 0xE8, 0x08, 0x41, 0x81, 0xE0, 0xF8, 0x00, 0x00,
  0x00, 0x44, 0x0B, 0xC0, 0x0F, 0xB6, 0x43, 0x06, 0x89, 0x44, 0x24, 0x28, 0x41, 0xC1, 0xE8, 0x03,
  0x44, 0x89, 0x54, 0x24, 0x20, 0xFF, 0x15, 0xB5, 0x1A, 0x00, 0x00, 0x0F, 0xB6, 0x4B, 0x06, 0x3B,
  0xC1, 0x0F, 0x84, 0x36, 0x01, 0x00, 0x00, 0x48, 0x83, 0x67, 0x38, 0x00, 0x33, 0xD2, 0x48, 0x8B,
  0xCF, 0xC7, 0x47, 0x30, 0x4D, 0x01, 0x00, 0xC0, 0xFF, 0x15, 0xFA, 0x1A, 0x00, 0x00, 0xE9, 0x1A,
  0x01, 0x00, 0x00, 0x48, 0x8B, 0xD1, 0x48, 0x8B, 0xCF, 0xE8, 0x76, 0x07, 0x00, 0x00, 0xE9, 0xAD,
  0xFC, 0xFF, 0xFF, 0x48, 0x8B, 0xD1, 0x48, 0x8B, 0xCF, 0xE8, 0xB2, 0x06, 0x00, 0x00, 0xE9, 0x9D,
  0xFC, 0xFF, 0xFF, 0x48, 0x8B, 0xD1, 0x48, 0x8B, 0xCF, 0xE8, 0xB2, 0x05, 0x00, 0x00, 0xE9, 0x8D,
  0xFC, 0xFF, 0xFF, 0x48, 0x8B, 0xD1, 0x48, 0x8B, 0xCF, 0xE8, 0xAA, 0x04, 0x00, 0x00, 0xE9, 0x7D,
  0xFC, 0xFF, 0xFF, 0x83, 0x79, 0x10, 0x10, 0x0F, 0x85, 0xA3, 0x00, 0x00, 0x00, 0x48, 0x8B, 0x4F,
  0x18, 0x48, 0x8B, 0x49, 0x08, 0xFF, 0x15, 0x4D, 0x1A, 0x00, 0x00, 0xE9, 0xBD, 0x00, 0x00, 0x00,
  0x83, 0x79, 0x10, 0x04, 0x74, 0x0A, 0x83, 0x79, 0x08, 0x08, 0x0F, 0x85, 0x80, 0x00, 0x00, 0x00,
  0x4C, 0x8B, 0x47, 0x18, 0x41, 0x8B, 0x08, 0x0F, 0x32, 0x48, 0xC1, 0xE2, 0x20, 0x48, 0x0B, 0xC2,
  0x49, 0x89, 0x00, 0xE9, 0xB6, 0xFD, 0xFF, 0xFF, 0x2D, 0x44, 0x21, 0x22, 0x00, 0x74, 0x5B, 0x83,
  0xE8, 0x3C, 0x74, 0x46, 0x83, 0xE8, 0x04, 0x74, 0x31, 0x83, 0xE8, 0x04, 0x74, 0x1C, 0x83, 0xF8,
  0x04, 0x74, 0x07, 0xBB, 0x10, 0x00, 0x00, 0xC0, 0xEB, 0x4B, 0x48, 0x8B, 0xD1, 0x48, 0x8B, 0xCF,
  0xE8, 0x1F, 0x0A, 0x00, 0x00, 0xE9, 0x06, 0xFC, 0xFF, 0xFF, 0x48, 0x8B, 0xD1, 0x48, 0x8B, 0xCF,
  0xE8, 0x57, 0x09, 0x00, 0x00, 0xE9, 0xF6, 0xFB, 0xFF, 0xFF, 0x48, 0x8B, 0xD1, 0x48, 0x8B, 0xCF,
  0xE8, 0x8F, 0x08, 0x00, 0x00, 0xE9, 0xE6, 0xFB, 0xFF, 0xFF, 0x48, 0x8B, 0xD1, 0x48, 0x8B, 0xCF,
  0xE8, 0x63, 0x07, 0x00, 0x00, 0xE9, 0xD6, 0xFB, 0xFF, 0xFF, 0x83, 0x79, 0x10, 0x0C, 0x74, 0x1A,
  0xBB, 0x0D, 0x00, 0x00, 0xC0, 0x48, 0x83, 0x67, 0x38, 0x00, 0x33, 0xD2, 0x48, 0x8B, 0xCF, 0x89,
  0x5F, 0x30, 0xFF, 0x15, 0xF0, 0x19, 0x00, 0x00, 0xEB, 0x29, 0x48, 0x8B, 0x4F, 0x18, 0x48, 0x8B,
  0x41, 0x04, 0x8B, 0x09, 0x48, 0x8B, 0xD0, 0x48, 0xC1, 0xEA, 0x20, 0x0F, 0x30, 0x33, 0xD2, 0x48,
  0x83, 0x67, 0x38, 0x00, 0x83, 0x67, 0x30, 0x00, 0x48, 0x8B, 0xCF, 0xFF, 0x15, 0xC7, 0x19, 0x00,
  0x00, 0x33, 0xDB, 0x8B, 0xC3, 0x48, 0x8B, 0x5C, 0x24, 0x40, 0x48, 0x83, 0xC4, 0x30, 0x5F, 0xC3,
  0xCC, 0xCC, 0xCC, 0xCC, 0xCC, 0xCC, 0xCC, 0xCC, 0x40, 0x53, 0x48, 0x83, 0xEC, 0x20, 0x8B, 0x42,
  0x10, 0x4C, 0x8B, 0xC1, 0x3B, 0x42, 0x08, 0x0F, 0x85, 0xD5, 0x00, 0x00, 0x00, 0x83, 0xF8, 0x01,
  0x0F, 0x82, 0xCC, 0x00, 0x00, 0x00, 0x4C, 0x8B, 0x59, 0x18, 0x45, 0x33, 0xC9, 0x41, 0x8A, 0x1B,
  0x44, 0x0F, 0xB7, 0x15, 0x7E, 0x2A, 0x00, 0x00, 0xB9, 0x00, 0x20, 0x00, 0x00, 0x0F, 0xB7, 0x15,
  0x70, 0x2A, 0x00, 0x00, 0xEC, 0x41, 0x0F, 0xB7, 0xD2, 0xEC, 0xA8, 0x02, 0x74, 0x06, 0xFF, 0xC9,
  0x85, 0xC9, 0x7F, 0xE9, 0x8A, 0x05, 0x5E, 0x2A, 0x00, 0x00, 0x0F, 0xB7, 0x15, 0x55, 0x2A, 0x00,
  0x00, 0xEE, 0x44, 0x0F, 0xB7, 0x15, 0x4C, 0x2A, 0x00, 0x00, 0xB9, 0x00, 0x20, 0x00, 0x00, 0x0F,
  0xB7, 0x15, 0x3E, 0x2A, 0x00, 0x00, 0xEC, 0x41, 0x0F, 0xB7, 0xD2, 0xEC, 0xA8, 0x02, 0x74, 0x06,
  0xFF, 0xC9, 0x85, 0xC9, 0x7F, 0xE9, 0x0F, 0xB7, 0x15, 0x27, 0x2A, 0x00, 0x00, 0x8A, 0xC3, 0xEE,
  0x0F, 0xB7, 0x15, 0x1F, 0x2A, 0x00, 0x00, 0xB9, 0x00, 0x20, 0x00, 0x00, 0xEC, 0xA8, 0x01, 0x75,
  0x06, 0xFF, 0xC9, 0x85, 0xC9, 0x7F, 0xF5, 0x85, 0xC9, 0x7F, 0x20, 0x41, 0xFF, 0xC1, 0x41, 0x83,
  0xF9, 0x05, 0x0F, 0x8C, 0x78, 0xFF, 0xFF, 0xFF, 0x49, 0x83, 0x60, 0x38, 0x00, 0xBB, 0x02, 0x01,
  0x00, 0x00, 0x49, 0x8B, 0xC8, 0x41, 0x89, 0x58, 0x30, 0xEB, 0x34, 0x0F, 0xB7, 0x15, 0xE2, 0x29,
  0x00, 0x00, 0xEC, 0x41, 0x88, 0x03, 0x41, 0x83, 0x60, 0x30, 0x00, 0x33, 0xD2, 0x49, 0x8B, 0xC8,
  0x49, 0xC7, 0x40, 0x38, 0x01, 0x00, 0x00, 0x00, 0xFF, 0x15, 0xCA, 0x18, 0x00, 0x00, 0x33, 0xC0,
  0xEB, 0x17, 0x48, 0x83, 0x61, 0x38, 0x00, 0xBB, 0x0D, 0x00, 0x00, 0xC0, 0x89, 0x59, 0x30, 0x33,
  0xD2, 0xFF, 0x15, 0xB1, 0x18, 0x00, 0x00, 0x8B, 0xC3, 0x48, 0x83, 0xC4, 0x20, 0x5B, 0xC3, 0xCC,
  0xCC, 0xCC, 0xCC, 0xCC, 0xCC, 0xCC, 0xCC, 0xCC, 0x40, 0x53, 0x48, 0x83, 0xEC, 0x20, 0x83, 0x7A,
  0x10, 0x02, 0x4C, 0x8B, 0xC1, 0x74, 0x0D, 0xBB, 0x0D, 0x00, 0x00, 0xC0, 0x89, 0x59, 0x30, 0xE9,
  0xBD, 0x00, 0x00, 0x00, 0x4C, 0x8B, 0x59, 0x18, 0x44, 0x0F, 0xB7, 0x15, 0x76, 0x29, 0x00, 0x00,
  0x41, 0xB9, 0x00, 0x20, 0x00, 0x00, 0x41, 0x8B, 0xC9, 0x0F, 0xB7, 0x15, 0x64, 0x29, 0x00, 0x00,
  0xEC, 0x41, 0x0F, 0xB7, 0xD2, 0xEC, 0xA8, 0x02, 0x74, 0x06, 0xFF, 0xC9, 0x85, 0xC9, 0x7F, 0xE9,
  0x8A, 0x05, 0x53, 0x29, 0x00, 0x00, 0x0F, 0xB7, 0x15, 0x49, 0x29, 0x00, 0x00, 0xEE, 0x44, 0x0F,
  0xB7, 0x15, 0x40, 0x29, 0x00, 0x00, 0x41, 0x8B, 0xC9, 0x0F, 0xB7, 0x15, 0x34, 0x29, 0x00, 0x00,
  0xEC, 0x41, 0x0F, 0xB7, 0xD2, 0xEC, 0xA8, 0x02, 0x74, 0x06, 0xFF, 0xC9, 0x85, 0xC9, 0x7F, 0xE9,
  0x41, 0x8A, 0x03, 0x0F, 0xB7, 0x15, 0x1A, 0x29, 0x00, 0x00, 0xEE, 0x44, 0x0F, 0xB7, 0x15, 0x13,
  0x29, 0x00, 0x00, 0x41, 0x8B, 0xC9, 0x0F, 0xB7, 0x15, 0x07, 0x29, 0x00, 0x00, 0xEC, 0x41, 0x0F,
  0xB7, 0xD2, 0xEC, 0xA8, 0x02, 0x74, 0x06, 0xFF, 0xC9, 0x85, 0xC9, 0x7F, 0xE9, 0x41, 0x8A, 0x4B,
  0x01, 0x0F, 0xB7, 0x15, 0xEC, 0x28, 0x00, 0x00, 0x8A, 0xC1, 0xEE, 0x0F, 0xB7, 0x0D, 0xE4, 0x28,
  0x00, 0x00, 0x0F, 0xB7, 0x15, 0xDB, 0x28, 0x00, 0x00, 0xEC, 0x0F, 0xB7, 0xD1, 0xEC, 0xA8, 0x02,
  0x74, 0x08, 0x41, 0xFF, 0xC9, 0x45, 0x85, 0xC9, 0x7F, 0xE8, 0x41, 0x83, 0x60, 0x30, 0x00, 0x33,
  0xDB, 0x49, 0x83, 0x60, 0x38, 0x00, 0x33, 0xD2, 0x49, 0x8B, 0xC8, 0xFF, 0x15, 0xB7, 0x17, 0x00,
  0x00, 0x8B, 0xC3, 0x48, 0x83, 0xC4, 0x20, 0x5B, 0xC3, 0xCC, 0xCC, 0xCC, 0xCC, 0xCC, 0xCC, 0xCC,
  0x40, 0x53, 0x48, 0x83, 0xEC, 0x20, 0x44, 0x8B, 0x4A, 0x10, 0x44, 0x8B, 0x52, 0x08, 0x4C, 0x8B,
  0xC1, 0x41, 0x83, 0xF9, 0x04, 0x73, 0x0D, 0xBB, 0x0D, 0x00, 0x00, 0xC0, 0x89, 0x59, 0x30, 0xE9,
  0x45, 0x01, 0x00, 0x00, 0x4C, 0x8B, 0x59, 0x18, 0x41, 0x8B, 0x0B, 0x8B, 0xC1, 0x89, 0x4C, 0x24,
  0x38, 0xC1, 0xE8, 0x08, 0x0F, 0xB6, 0xD0, 0x48, 0x83, 0xC2, 0x04, 0x4C, 0x3B, 0xCA, 0x0F, 0x85,
  0x2C, 0x01, 0x00, 0x00, 0x8B, 0xC1, 0xC1, 0xE8, 0x10, 0x0F, 0xB6, 0xD0, 0x48, 0xFF, 0xC2, 0x4C,
  0x3B, 0xD2, 0x0F, 0x85, 0x18, 0x01, 0x00, 0x00, 0x0F, 0xB7, 0x1D, 0x4F, 0x28, 0x00, 0x00, 0x4D,
  0x8D, 0x53, 0x04, 0x41, 0xB9, 0x00, 0x20, 0x00, 0x00, 0x0F, 0xB7, 0x15, 0x34, 0x28, 0x00, 0x00,
  0xEC, 0x0F, 0xB7, 0xD3, 0xEC, 0xA8, 0x02, 0x74, 0x08, 0x41, 0xFF, 0xC9, 0x45, 0x85, 0xC9, 0x7F,
  0xE8, 0x0F, 0xB7, 0x15, 0x26, 0x28, 0x00, 0x00, 0x8A, 0xC1, 0xEE, 0x44, 0x0F, 0xB7, 0x0D, 0x1B,
  0x28, 0x00, 0x00, 0xB9, 0x00, 0x20, 0x00, 0x00, 0x0F, 0xB7, 0x15, 0x05, 0x28, 0x00, 0x00, 0xEC,
  0x41, 0x0F, 0xB7, 0xD1, 0xEC, 0xA8, 0x02, 0x74, 0x06, 0xFF, 0xC9, 0x85, 0xC9, 0x7F, 0xE9, 0x4D,
  0x85, 0xD2, 0x74, 0x42, 0x0F, 0xB6, 0x44, 0x24, 0x39, 0x85, 0xC0, 0x7E, 0x39, 0x4C, 0x8B, 0xC8,
  0x41, 0x8A, 0x02, 0x0F, 0xB7, 0x15, 0xE2, 0x27, 0x00, 0x00, 0xEE, 0x0F, 0xB7, 0x1D, 0xDC, 0x27,
  0x00, 0x00, 0xB9, 0x00, 0x20, 0x00, 0x00, 0x0F, 0xB7, 0x15, 0xC6, 0x27, 0x00, 0x00, 0xEC, 0x0F,
  0xB7, 0xD3, 0xEC, 0xA8, 0x02, 0x74, 0x06, 0xFF, 0xC9, 0x85, 0xC9, 0x7F, 0xEA, 0x49, 0xFF, 0xC2,
  0x49, 0x83, 0xE9, 0x01, 0x75, 0xCA, 0x44, 0x8A, 0x54, 0x24, 0x3A, 0x45, 0x84, 0xD2, 0x74, 0x62,
  0x4D, 0x85, 0xDB, 0x74, 0x5D, 0x45, 0x32, 0xC9, 0x45, 0x84, 0xD2, 0x74, 0x35, 0x0F, 0xB7, 0x15,
  0x9A, 0x27, 0x00, 0x00, 0xB9, 0x00, 0x20, 0x00, 0x00, 0xEC, 0xA8, 0x01, 0x75, 0x06, 0xFF, 0xC9,
  0x85, 0xC9, 0x7F, 0xF5, 0x85, 0xC9, 0x7E, 0x1A, 0x0F, 0xB7, 0x15, 0x7D, 0x27, 0x00, 0x00, 0xEC,
  0x41, 0x0F, 0xB6, 0xC9, 0x41, 0xFE, 0xC1, 0x42, 0x88, 0x04, 0x19, 0x45, 0x3A, 0xCA, 0x74, 0x11,
  0x72, 0xCB, 0x41, 0x0F, 0xB6, 0xC9, 0xBB, 0x02, 0x01, 0x00, 0x00, 0x49, 0x89, 0x48, 0x38, 0xEB,
  0x29, 0x41, 0x83, 0x60, 0x30, 0x00, 0x41, 0x0F, 0xB6, 0xC1, 0x33, 0xDB, 0x49, 0x89, 0x40, 0x38,
  0xEB, 0x1C, 0x41, 0x83, 0x60, 0x30, 0x00, 0x33, 0xDB, 0x49, 0x83, 0x60, 0x38, 0x00, 0xEB, 0x0E,
  0x49, 0x83, 0x60, 0x38, 0x00, 0xBB, 0x0D, 0x00, 0x00, 0xC0, 0x41, 0x89, 0x58, 0x30, 0x33, 0xD2,
  0x49, 0x8B, 0xC8, 0xFF, 0x15, 0x1F, 0x16, 0x00, 0x00, 0x8B, 0xC3, 0x48, 0x83, 0xC4, 0x20, 0x5B,
  0xC3, 0xCC, 0xCC, 0xCC, 0xCC, 0xCC, 0xCC, 0xCC, 0x48, 0x89, 0x5C, 0x24, 0x08, 0x48, 0x89, 0x6C,
  0x24, 0x10, 0x48, 0x89, 0x74, 0x24, 0x18, 0x57, 0x41, 0x54, 0x41, 0x55, 0x48, 0x83, 0xEC, 0x30,
  0x83, 0x7A, 0x10, 0x09, 0x48, 0x8B, 0xD9, 0x8B, 0x4A, 0x08, 0x74, 0x07, 0xBF, 0x0D, 0x00, 0x00,
  0xC0, 0xEB, 0x5A, 0x85, 0xC9, 0x75, 0x07, 0xBF, 0x23, 0x00, 0x00, 0xC0, 0xEB, 0x4F, 0x48, 0x8B,
  0x7B, 0x18, 0x48, 0x8D, 0x54, 0x24, 0x20, 0x4C, 0x8B, 0xE9, 0x48, 0x8B, 0x07, 0x45, 0x33, 0xC0,
  0x48, 0x89, 0x02, 0x8A, 0x47, 0x08, 0x88, 0x42, 0x08, 0x44, 0x0F, 0xB6, 0x64, 0x24, 0x28, 0x33,
  0xD2, 0x8B, 0xC1, 0x41, 0xF7, 0xF4, 0x48, 0x8B, 0xD1, 0x48, 0x8B, 0x4C, 0x24, 0x20, 0x8B, 0xE8,
  0xFF, 0x15, 0x6A, 0x15, 0x00, 0x00, 0x41, 0x8B, 0xCC, 0x83, 0xE9, 0x01, 0x74, 0x2E, 0x83, 0xE9,
  0x01, 0x74, 0x1E, 0x83, 0xF9, 0x02, 0x74, 0x0F, 0xBF, 0x24, 0x00, 0x00, 0xC0, 0x48, 0x83, 0x63,
  0x38, 0x00, 0x89, 0x7B, 0x30, 0xEB, 0x3A, 0x48, 0x8B, 0xCD, 0x48, 0x8B, 0xF0, 0xF3, 0xA5, 0xEB,
  0x13, 0x48, 0x8B, 0xCD, 0x48, 0x8B, 0xF0, 0x66, 0xF3, 0xA5, 0xEB, 0x08, 0x48, 0x8B, 0xCD, 0x48,
  0x8B, 0xF0, 0xF3, 0xA4, 0x49, 0x8B, 0xD5, 0x48, 0x8B, 0xC8, 0xFF, 0x15, 0x10, 0x15, 0x00, 0x00,
  0x83, 0x63, 0x30, 0x00, 0x44, 0x0F, 0xAF, 0xE5, 0x41, 0x8B, 0xC4, 0x33, 0xFF, 0x48, 0x89, 0x43,
  0x38, 0x33, 0xD2, 0x48, 0x8B, 0xCB, 0xFF, 0x15, 0x3C, 0x15, 0x00, 0x00, 0x48, 0x8B, 0x5C, 0x24,
  0x50, 0x48, 0x8B, 0x6C, 0x24, 0x58, 0x48, 0x8B, 0x74, 0x24, 0x60, 0x8B, 0xC7, 0x48, 0x83, 0xC4,
  0x30, 0x41, 0x5D, 0x41, 0x5C, 0x5F, 0xC3, 0xCC, 0xCC, 0xCC, 0xCC, 0xCC, 0xCC, 0xCC, 0xCC, 0xCC,
  0x48, 0x89, 0x5C, 0x24, 0x08, 0x48, 0x89, 0x74, 0x24, 0x10, 0x48, 0x89, 0x7C, 0x24, 0x18, 0x41,
  0x54, 0x48, 0x83, 0xEC, 0x20, 0x83, 0x7A, 0x10, 0x0E, 0x48, 0x8B, 0xD9, 0x73, 0x12, 0x48, 0x83,
  0x61, 0x38, 0x00, 0xBF, 0x0D, 0x00, 0x00, 0xC0, 0x89, 0x79, 0x30, 0xE9, 0x99, 0x00, 0x00, 0x00,
  0x48, 0x8B, 0x71, 0x18, 0x0F, 0xB6, 0x46, 0x08, 0x8B, 0x4E, 0x09, 0x8B, 0xD0, 0x0F, 0xAF, 0xD1,
  0x48, 0x0F, 0xAF, 0xC8, 0xB8, 0xFF, 0xFF, 0xFF, 0xFF, 0x48, 0x3B, 0xC8, 0x76, 0x07, 0xBF, 0x0D,
  0x00, 0x00, 0xC0, 0xEB, 0x27, 0x48, 0x8B, 0x0E, 0x45, 0x33, 0xC0, 0x44, 0x8B, 0xE2, 0xFF, 0x15,
  0x7C, 0x14, 0x00, 0x00, 0x0F, 0xB6, 0x4E, 0x08, 0x83, 0xE9, 0x01, 0x74, 0x31, 0x83, 0xE9, 0x01,
  0x74, 0x1D, 0x83, 0xF9, 0x02, 0x74, 0x0A, 0xBF, 0x24, 0x00, 0x00, 0xC0, 0x89, 0x7B, 0x30, 0xEB,
  0x40, 0x8B, 0x4E, 0x09, 0x48, 0x83, 0xC6, 0x0D, 0x48, 0x8B, 0xF8, 0xF3, 0xA5, 0xEB, 0x1B, 0x8B,
  0x4E, 0x09, 0x48, 0x83, 0xC6, 0x0D, 0x48, 0x8B, 0xF8, 0x66, 0xF3, 0xA5, 0xEB, 0x0C, 0x8B, 0x4E,
  0x09, 0x48, 0x83, 0xC6, 0x0D, 0x48, 0x8B, 0xF8, 0xF3, 0xA4, 0xF0, 0x83, 0x0C, 0x24, 0x00, 0x49,
  0x8B, 0xD4, 0x48, 0x8B, 0xC8, 0xFF, 0x15, 0x15, 0x14, 0x00, 0x00, 0x83, 0x63, 0x30, 0x00, 0x33,
  0xFF, 0x48, 0x83, 0x63, 0x38, 0x00, 0x48, 0x8B, 0xCB, 0x33, 0xD2, 0xFF, 0x15, 0x47, 0x14, 0x00,
  0x00, 0x48, 0x8B, 0x5C, 0x24, 0x30, 0x48, 0x8B, 0x74, 0x24, 0x38, 0x8B, 0xC7, 0x48, 0x8B, 0x7C,
  0x24, 0x40, 0x48, 0x83, 0xC4, 0x20, 0x41, 0x5C, 0xC3, 0xCC, 0xCC, 0xCC, 0xCC, 0xCC, 0xCC, 0xCC,
  0x48, 0x89, 0x5C, 0x24, 0x10, 0x48, 0x89, 0x6C, 0x24, 0x18, 0x48, 0x89, 0x74, 0x24, 0x20, 0x57,
  0x48, 0x83, 0xEC, 0x30, 0x48, 0x8B, 0x79, 0x18, 0x8B, 0x42, 0x10, 0x48, 0x8B, 0xD9, 0x8B, 0x77,
  0x0C, 0x4C, 0x8D, 0x46, 0x10, 0x4C, 0x3B, 0xC0, 0x77, 0x58, 0x83, 0x7A, 0x08, 0x01, 0x72, 0x52,
  0x8B, 0x6F, 0x08, 0x48, 0x8B, 0x0F, 0x45, 0x33, 0xC0, 0x48, 0x8B, 0xD5, 0x48, 0x89, 0x4C, 0x24,
  0x40, 0xFF, 0x15, 0xA9, 0x13, 0x00, 0x00, 0x48, 0x85, 0xC0, 0x75, 0x07, 0xBF, 0x9A, 0x00, 0x00,
  0xC0, 0xEB, 0x1F, 0x48, 0x89, 0x44, 0x24, 0x28, 0x4C, 0x8D, 0x4F, 0x10, 0x48, 0x8D, 0x4C, 0x24,
  0x40, 0x44, 0x8B, 0xC6, 0x8B, 0xD5, 0x48, 0x89, 0x7C, 0x24, 0x20, 0xE8, 0xBC, 0x05, 0x00, 0x00,
  0x8B, 0xF8, 0x89, 0x7B, 0x30, 0x48, 0xC7, 0x43, 0x38, 0x08, 0x00, 0x00, 0x00, 0x48, 0x8B, 0xCB,
  0xEB, 0x0D, 0x48, 0x83, 0x61, 0x38, 0x00, 0xBF, 0x0D, 0x00, 0x00, 0xC0, 0x89, 0x79, 0x30, 0x33,
  0xD2, 0xFF, 0x15, 0x91, 0x13, 0x00, 0x00, 0x48, 0x8B, 0x5C, 0x24, 0x48, 0x48, 0x8B, 0x6C, 0x24,
  0x50, 0x48, 0x8B, 0x74, 0x24, 0x58, 0x8B, 0xC7, 0x48, 0x83, 0xC4, 0x30, 0x5F, 0xC3, 0xCC, 0xCC,
  0xCC, 0xCC, 0xCC, 0xCC, 0x48, 0x89, 0x5C, 0x24, 0x10, 0x57, 0x48, 0x83, 0xEC, 0x30, 0x83, 0x7A,
  0x10, 0x06, 0x4C, 0x8B, 0x49, 0x18, 0x8B, 0x5A, 0x08, 0x41, 0x8B, 0x01, 0x48, 0x8B, 0xF9, 0x48,
  0x8D, 0x4C, 0x24, 0x40, 0x89, 0x01, 0x41, 0x0F, 0xB7, 0x41, 0x04, 0x66, 0x89, 0x41, 0x04, 0x74,
  0x07, 0xBB, 0x0D, 0x00, 0x00, 0xC0, 0xEB, 0x5E, 0xB9, 0x04, 0x00, 0x00, 0x00, 0x83, 0xFB, 0x01,
  0x74, 0x10, 0x83, 0xFB, 0x02, 0x74, 0x0B, 0x3B, 0xD9, 0x74, 0x07, 0xBB, 0x24, 0x00, 0x00, 0xC0,
  0xEB, 0x44, 0x8B, 0x54, 0x24, 0x40, 0x44, 0x0F, 0xB7, 0x54, 0x24, 0x44, 0x89, 0x5C, 0x24, 0x28,
  0x44, 0x8B, 0xC2, 0x8B, 0xC2, 0xC1, 0xEA, 0x10, 0x41, 0xC1, 0xE8, 0x08, 0x25, 0x00, 0x07, 0x00,
  0x00, 0x0F, 0xB6, 0xD2, 0x41, 0x81, 0xE0, 0xF8, 0x00, 0x00, 0x00, 0x44, 0x89, 0x54, 0x24, 0x20,
  0x44, 0x0B, 0xC0, 0x41, 0xC1, 0xE8, 0x03, 0xFF, 0x15, 0x8B, 0x12, 0x00, 0x00, 0x3B, 0xD8, 0x74,
  0x0F, 0xBB, 0x0E, 0x00, 0x00, 0xC0, 0x48, 0x83, 0x67, 0x38, 0x00, 0x89, 0x5F, 0x30, 0xEB, 0x0A,
  0x83, 0x67, 0x30, 0x00, 0x48, 0x89, 0x5F, 0x38, 0x33, 0xDB, 0x33, 0xD2, 0x48, 0x8B, 0xCF, 0xFF,
  0x15, 0xC3, 0x12, 0x00, 0x00, 0x8B, 0xC3, 0x48, 0x8B, 0x5C, 0x24, 0x48, 0x48, 0x83, 0xC4, 0x30,
  0x5F, 0xC3, 0xCC, 0xCC, 0xCC, 0xCC, 0xCC, 0xCC, 0x48, 0x89, 0x5C, 0x24, 0x08, 0x48, 0x89, 0x74,
  0x24, 0x10, 0x57, 0x48, 0x83, 0xEC, 0x40, 0x83, 0x7A, 0x10, 0x18, 0x8B, 0x72, 0x08, 0x48, 0x8B,
  0xD9, 0x0F, 0x85, 0xCF, 0x00, 0x00, 0x00, 0x85, 0xF6, 0x74, 0x09, 0x83, 0xFE, 0x18, 0x0F, 0x82,
  0xC2, 0x00, 0x00, 0x00, 0x83, 0x64, 0x24, 0x34, 0x00, 0x83, 0x64, 0x24, 0x30, 0x00, 0x83, 0x64,
  0x24, 0x2C, 0x00, 0x83, 0x64, 0x24, 0x28, 0x00, 0x83, 0x64, 0x24, 0x24, 0x00, 0x83, 0x64, 0x24,
  0x20, 0x00, 0x48, 0x83, 0x3D, 0x7E, 0x23, 0x00, 0x00, 0x00, 0x48, 0x8B, 0x79, 0x18, 0x48, 0x8D,
  0x4C, 0x24, 0x20, 0x48, 0x8B, 0x07, 0x48, 0x89, 0x01, 0x48, 0x8B, 0x47, 0x08, 0x48, 0x89, 0x41,
  0x08, 0x48, 0x8B, 0x47, 0x10, 0x48, 0x89, 0x41, 0x10, 0xC7, 0x44, 0x24, 0x3C, 0x01, 0x00, 0x00,
  0x00, 0x75, 0x1B, 0xE8, 0x48, 0x03, 0x00, 0x00, 0x84, 0xC0, 0x75, 0x12, 0x48, 0x83, 0x63, 0x38,
  0x00, 0xBF, 0x9C, 0x00, 0x00, 0xC0, 0x48, 0x8B, 0xCB, 0x89, 0x7B, 0x30, 0xEB, 0x65, 0x48, 0x8D,
  0x4C, 0x24, 0x20, 0xE8, 0xB8, 0x04, 0x00, 0x00, 0x85, 0xF6, 0x74, 0x20, 0x48, 0x8D, 0x4C, 0x24,
  0x20, 0xBE, 0x18, 0x00, 0x00, 0x00, 0x48, 0x8B, 0x01, 0x48, 0x89, 0x07, 0x48, 0x8B, 0x41, 0x08,
  0x48, 0x89, 0x47, 0x08, 0x48, 0x8B, 0x41, 0x10, 0x48, 0x89, 0x47, 0x10, 0x8B, 0xC6, 0x33, 0xD2,
  0x83, 0x7C, 0x24, 0x3C, 0x01, 0x48, 0x89, 0x43, 0x38, 0x48, 0x8B, 0xCB, 0x75, 0x0A, 0xBF, 0x9C,
  0x00, 0x00, 0xC0, 0x89, 0x7B, 0x30, 0xEB, 0x1D, 0x83, 0x63, 0x30, 0x00, 0xFF, 0x15, 0xC6, 0x11,
  0x00, 0x00, 0x33, 0xFF, 0xEB, 0x15, 0x48, 0x83, 0x61, 0x38, 0x00, 0xBF, 0x0D, 0x00, 0x00, 0xC0,
  0x89, 0x79, 0x30, 0x33, 0xD2, 0xFF, 0x15, 0xAD, 0x11, 0x00, 0x00, 0x48, 0x8B, 0x5C, 0x24, 0x50,
  0x48, 0x8B, 0x74, 0x24, 0x58, 0x8B, 0xC7, 0x48, 0x83, 0xC4, 0x40, 0x5F, 0xC3, 0xCC, 0xCC, 0xCC,
  0xCC, 0xCC, 0xCC, 0xCC, 0x48, 0x89, 0x5C, 0x24, 0x08, 0x48, 0x89, 0x74, 0x24, 0x10, 0x57, 0x48,
  0x83, 0xEC, 0x40, 0x83, 0x7A, 0x10, 0x18, 0x8B, 0x7A, 0x08, 0x48, 0x8B, 0xD9, 0x75, 0x6F, 0x85,
  0xFF, 0x74, 0x05, 0x83, 0xFF, 0x18, 0x72, 0x66, 0x48, 0x8B, 0x71, 0x18, 0x48, 0x8D, 0x4C, 0x24,
  0x20, 0x48, 0x8B, 0x06, 0x48, 0x89, 0x01, 0x48, 0x8B, 0x46, 0x08, 0x48, 0x89, 0x41, 0x08, 0x48,
  0x8B, 0x46, 0x10, 0x48, 0x89, 0x41, 0x10, 0x48, 0x8D, 0x4C, 0x24, 0x20, 0xE8, 0x46, 0x04, 0x00,
  0x00, 0x85, 0xFF, 0x74, 0x20, 0x48, 0x8D, 0x4C, 0x24, 0x20, 0xBF, 0x18, 0x00, 0x00, 0x00, 0x48,
  0x8B, 0x01, 0x48, 0x89, 0x06, 0x48, 0x8B, 0x41, 0x08, 0x48, 0x89, 0x46, 0x08, 0x48, 0x8B, 0x41,
  0x10, 0x48, 0x89, 0x46, 0x10, 0x83, 0x63, 0x30, 0x00, 0x8B, 0xC7, 0x33, 0xD2, 0x48, 0x8B, 0xCB,
  0x48, 0x89, 0x43, 0x38, 0xFF, 0x15, 0x0E, 0x11, 0x00, 0x00, 0x33, 0xC0, 0xEB, 0x17, 0x48, 0x83,
  0x61, 0x38, 0x00, 0xBF, 0x0D, 0x00, 0x00, 0xC0, 0x33, 0xD2, 0x89, 0x79, 0x30, 0xFF, 0x15, 0xF5,
  0x10, 0x00, 0x00, 0x8B, 0xC7, 0x48, 0x8B, 0x5C, 0x24, 0x50, 0x48, 0x8B, 0x74, 0x24, 0x58, 0x48,
  0x83, 0xC4, 0x40, 0x5F, 0xC3, 0xCC, 0xCC, 0xCC, 0xCC, 0xCC, 0xCC, 0xCC, 0x48, 0x89, 0x5C, 0x24,
  0x08, 0x48, 0x89, 0x74, 0x24, 0x10, 0x57, 0x48, 0x83, 0xEC, 0x40, 0x83, 0x7A, 0x10, 0x18, 0x8B,
  0x7A, 0x08, 0x48, 0x8B, 0xD9, 0x75, 0x6F, 0x85, 0xFF, 0x74, 0x05, 0x83, 0xFF, 0x18, 0x72, 0x66,
  0x48, 0x8B, 0x71, 0x18, 0x48, 0x8D, 0x4C, 0x24, 0x20, 0x48, 0x8B, 0x06, 0x48, 0x89, 0x01, 0x48,
  0x8B, 0x46, 0x08, 0x48, 0x89, 0x41, 0x08, 0x48, 0x8B, 0x46, 0x10, 0x48, 0x89, 0x41, 0x10, 0x48,
  0x8D, 0x4C, 0x24, 0x20, 0xE8, 0xD0, 0x03, 0x00, 0x00, 0x85, 0xFF, 0x74, 0x20, 0x48, 0x8D, 0x4C,
  0x24, 0x20, 0xBF, 0x18, 0x00, 0x00, 0x00, 0x48, 0x8B, 0x01, 0x48, 0x89, 0x06, 0x48, 0x8B, 0x41,
  0x08, 0x48, 0x89, 0x46, 0x08, 0x48, 0x8B, 0x41, 0x10, 0x48, 0x89, 0x46, 0x10, 0x83, 0x63, 0x30,
  0x00, 0x8B, 0xC7, 0x33, 0xD2, 0x48, 0x8B, 0xCB, 0x48, 0x89, 0x43, 0x38, 0xFF, 0x15, 0x56, 0x10,
  0x00, 0x00, 0x33, 0xC0, 0xEB, 0x17, 0x48, 0x83, 0x61, 0x38, 0x00, 0xBF, 0x0D, 0x00, 0x00, 0xC0,
  0x33, 0xD2, 0x89, 0x79, 0x30, 0xFF, 0x15, 0x3D, 0x10, 0x00, 0x00, 0x8B, 0xC7, 0x48, 0x8B, 0x5C,
  0x24, 0x50, 0x48, 0x8B, 0x74, 0x24, 0x58, 0x48, 0x83, 0xC4, 0x40, 0x5F, 0xC3, 0xCC, 0xCC, 0xCC,
  0xCC, 0xCC, 0xCC, 0xCC, 0x48, 0x89, 0x5C, 0x24, 0x08, 0x48, 0x89, 0x74, 0x24, 0x10, 0x48, 0x89,
  0x7C, 0x24, 0x18, 0x41, 0x54, 0x48, 0x83, 0xEC, 0x50, 0x8B, 0x7A, 0x08, 0x41, 0xBC, 0x2C, 0x00,
  0x00, 0x00, 0x48, 0x8B, 0xD9, 0x44, 0x39, 0x62, 0x10, 0x0F, 0x85, 0xDE, 0x00, 0x00, 0x00, 0x85,
  0xFF, 0x74, 0x09, 0x41, 0x3B, 0xFC, 0x0F, 0x82, 0xD1, 0x00, 0x00, 0x00, 0x48, 0x8B, 0x71, 0x18,
  0x83, 0x64, 0x24, 0x34, 0x00, 0x83, 0x64, 0x24, 0x30, 0x00, 0x83, 0x64, 0x24, 0x2C, 0x00, 0x83,
  0x64, 0x24, 0x28, 0x00, 0x83, 0x64, 0x24, 0x24, 0x00, 0x83, 0x64, 0x24, 0x20, 0x00, 0x48, 0x8D,
  0x4C, 0x24, 0x20, 0x48, 0x8B, 0xD6, 0x4D, 0x8B, 0xC4, 0xE8, 0xE2, 0x04, 0x00, 0x00, 0x48, 0x83,
  0x3D, 0xDA, 0x20, 0x00, 0x00, 0x00, 0x41, 0xBB, 0xFF, 0xFF, 0xFF, 0xFF, 0x4C, 0x89, 0x5C, 0x24,
  0x38, 0x74, 0x07, 0xBF, 0x9A, 0x00, 0x00, 0xC0, 0xEB, 0x23, 0x8B, 0x54, 0x24, 0x48, 0x48, 0x8B,
  0x4C, 0x24, 0x40, 0x45, 0x33, 0xC0, 0xFF, 0x15, 0x54, 0x0F, 0x00, 0x00, 0x48, 0x89, 0x05, 0xAD,
  0x20, 0x00, 0x00, 0x48, 0x85, 0xC0, 0x75, 0x12, 0xBF, 0x9C, 0x00, 0x00, 0xC0, 0x48, 0x83, 0x63,
  0x38, 0x00, 0x89, 0x7B, 0x30, 0x48, 0x8B, 0xCB, 0xEB, 0x60, 0x48, 0x8D, 0x4C, 0x24, 0x20, 0xE8,
  0xE8, 0x02, 0x00, 0x00, 0x85, 0xFF, 0x74, 0x13, 0x48, 0x8D, 0x54, 0x24, 0x20, 0x48, 0x8B, 0xCE,
  0x4D, 0x8B, 0xC4, 0xE8, 0x78, 0x04, 0x00, 0x00, 0x41, 0x8B, 0xFC, 0x8B, 0x54, 0x24, 0x48, 0x48,
  0x8B, 0x0D, 0x6A, 0x20, 0x00, 0x00, 0xFF, 0x15, 0xF4, 0x0E, 0x00, 0x00, 0x48, 0x83, 0x25, 0x5C,
  0x20, 0x00, 0x00, 0x00, 0x83, 0x63, 0x30, 0x00, 0x8B, 0xC7, 0x33, 0xD2, 0x48, 0x8B, 0xCB, 0x48,
  0x89, 0x43, 0x38, 0xFF, 0x15, 0x1F, 0x0F, 0x00, 0x00, 0x33, 0xC0, 0xEB, 0x17, 0x48, 0x83, 0x61,
  0x38, 0x00, 0xBF, 0x0D, 0x00, 0x00, 0xC0, 0x89, 0x79, 0x30, 0x33, 0xD2, 0xFF, 0x15, 0x06, 0x0F,
  0x00, 0x00, 0x8B, 0xC7, 0x48, 0x8B, 0x5C, 0x24, 0x60, 0x48, 0x8B, 0x74, 0x24, 0x68, 0x48, 0x8B,
  0x7C, 0x24, 0x70, 0x48, 0x83, 0xC4, 0x50, 0x41, 0x5C, 0xC3, 0xCC, 0xCC, 0xCC, 0xCC, 0xCC, 0xCC,
  0x40, 0x53, 0x56, 0x57, 0x48, 0x83, 0xEC, 0x30, 0x33, 0xFF, 0x48, 0x39, 0x3D, 0xF7, 0x1F, 0x00,
  0x00, 0x74, 0x07, 0xB0, 0x01, 0xE9, 0x83, 0x00, 0x00, 0x00, 0xBB, 0x00, 0x00, 0x0F, 0x00, 0xC6,
  0x44, 0x24, 0x50, 0x42, 0xC6, 0x44, 0x24, 0x51, 0x21, 0xC6, 0x44, 0x24, 0x52, 0x55, 0xC6, 0x44,
  0x24, 0x53, 0x30, 0xBE, 0x00, 0x00, 0x01, 0x00, 0x48, 0x89, 0x5C, 0x24, 0x58, 0x45, 0x33, 0xC0,
  0x48, 0x8B, 0xD6, 0x48, 0x8B, 0xCB, 0xFF, 0x15, 0x64, 0x0E, 0x00, 0x00, 0x48, 0x3B, 0xC7, 0x74,
  0x39, 0x48, 0x89, 0x44, 0x24, 0x28, 0x48, 0x8D, 0x44, 0x24, 0x60, 0x4C, 0x8D, 0x4C, 0x24, 0x50,
  0x48, 0x8D, 0x4C, 0x24, 0x58, 0x41, 0xB8, 0x04, 0x00, 0x00, 0x00, 0x8B, 0xD6, 0x48, 0x89, 0x44,
  0x24, 0x20, 0xE8, 0x75, 0x00, 0x00, 0x00, 0x3B, 0xC7, 0x75, 0x0A, 0x48, 0x8B, 0x4C, 0x24, 0x60,
  0x48, 0x3B, 0xCF, 0x75, 0x20, 0x48, 0x8B, 0x5C, 0x24, 0x58, 0x48, 0x2B, 0xDE, 0x48, 0x81, 0xFB,
  0x00, 0x00, 0x0E, 0x00, 0x48, 0x89, 0x5C, 0x24, 0x58, 0x7D, 0xA2, 0x32, 0xC0, 0x48, 0x83, 0xC4,
  0x30, 0x5F, 0x5E, 0x5B, 0xC3, 0x45, 0x33, 0xC0, 0x41, 0x8D, 0x70, 0x10, 0x48, 0x8B, 0xD6, 0xFF,
  0x15, 0xFB, 0x0D, 0x00, 0x00, 0x48, 0x8B, 0xD6, 0x8B, 0x58, 0x05, 0x48, 0x8B, 0xC8, 0xFF, 0x15,
  0xDC, 0x0D, 0x00, 0x00, 0x45, 0x33, 0xC0, 0xBA, 0x00, 0x04, 0x00, 0x00, 0x48, 0x8B, 0xCB, 0xFF,
  0x15, 0xDB, 0x0D, 0x00, 0x00, 0x48, 0x3B, 0xC7, 0x48, 0x89, 0x05, 0x29, 0x1F, 0x00, 0x00, 0x0F,
  0x95, 0xC0, 0xEB, 0xB9, 0xCC, 0xCC, 0xCC, 0xCC, 0xCC, 0xCC, 0xCC, 0xCC, 0x48, 0x8B, 0xC4, 0x48,
  0x89, 0x58, 0x08, 0x48, 0x89, 0x68, 0x10, 0x48, 0x89, 0x70, 0x18, 0x48, 0x89, 0x78, 0x20, 0x41,
  0x54, 0x41, 0x55, 0x41, 0x56, 0x48, 0x83, 0xEC, 0x20, 0x4D, 0x8B, 0xE9, 0x44, 0x3B, 0xC2, 0x76,
  0x07, 0xB8, 0x0D, 0x00, 0x00, 0xC0, 0xEB, 0x53, 0x48, 0x8B, 0x74, 0x24, 0x60, 0x48, 0x8B, 0x19,
  0x48, 0x8B, 0x7C, 0x24, 0x68, 0x48, 0x83, 0x26, 0x00, 0x45, 0x8B, 0xF0, 0x44, 0x8B, 0xE2, 0x4D,
  0x2B, 0xE6, 0x8B, 0xEA, 0x4C, 0x03, 0xE3, 0xEB, 0x18, 0x4D, 0x8B, 0xC6, 0x49, 0x8B, 0xD5, 0x48,
  0x8B, 0xCF, 0xE8, 0xE9, 0x01, 0x00, 0x00, 0x85, 0xC0, 0x74, 0x0D, 0x48, 0xFF, 0xC3, 0x48, 0xFF,
  0xC7, 0x49, 0x3B, 0xDC, 0x7C, 0xE3, 0xEB, 0x03, 0x48, 0x89, 0x1E, 0x48, 0x8B, 0x4C, 0x24, 0x68,
  0x48, 0x8B, 0xD5, 0xFF, 0x15, 0x37, 0x0D, 0x00, 0x00, 0x33, 0xC0, 0x48, 0x8B, 0x5C, 0x24, 0x40,
  0x48, 0x8B, 0x6C, 0x24, 0x48, 0x48, 0x8B, 0x74, 0x24, 0x50, 0x48, 0x8B, 0x7C, 0x24, 0x58, 0x48,
  0x83, 0xC4, 0x20, 0x41, 0x5E, 0x41, 0x5D, 0x41, 0x5C, 0xC3, 0xCC, 0xCC, 0xCC, 0xCC, 0xCC, 0xCC,
  0x55, 0x50, 0x53, 0x51, 0x52, 0x56, 0x57, 0x4C, 0x8B, 0xC1, 0x41, 0x8B, 0x00, 0x41, 0x8B, 0x58,
  0x04, 0x41, 0x8B, 0x48, 0x08, 0x41, 0x8B, 0x50, 0x0C, 0x41, 0x8B, 0x70, 0x10, 0x41, 0x8B, 0x78,
  0x14, 0xFF, 0x15, 0x51, 0x1E, 0x00, 0x00, 0x41, 0x89, 0x00, 0x41, 0x89, 0x58, 0x04, 0x41, 0x89,
  0x48, 0x08, 0x41, 0x89, 0x50, 0x0C, 0x41, 0x89, 0x70, 0x10, 0x41, 0x89, 0x78, 0x14, 0x45, 0x8B,
  0x48, 0x1C, 0x72, 0x03, 0x45, 0x33, 0xC9, 0x45, 0x89, 0x48, 0x1C, 0x5F, 0x5E, 0x5A, 0x59, 0x5B,
  0x58, 0x41, 0x8B, 0x40, 0x1C, 0x5D, 0xC3, 0x55, 0x50, 0x53, 0x51, 0x52, 0x56, 0x57, 0x4C, 0x8B,
  0xC1, 0x41, 0x8B, 0x00, 0x41, 0x8B, 0x58, 0x04, 0x41, 0x8B, 0x48, 0x08, 0x41, 0x8B, 0x50, 0x0C,
  0x41, 0x8B, 0x70, 0x10, 0x41, 0x8B, 0x78, 0x14, 0x66, 0xEF, 0x41, 0x89, 0x78, 0x14, 0x41, 0x89,
  0x70, 0x10, 0x41, 0x89, 0x50, 0x0C, 0x41, 0x89, 0x48, 0x08, 0x41, 0x89, 0x58, 0x04, 0x41, 0x89,
  0x00, 0x5F, 0x5E, 0x5A, 0x59, 0x5B, 0x58, 0x5D, 0xC3, 0x55, 0x50, 0x53, 0x51, 0x52, 0x56, 0x57,
  0x4C, 0x8B, 0xC1, 0x41, 0x8B, 0x00, 0x41, 0x8B, 0x58, 0x04, 0x41, 0x8B, 0x48, 0x08, 0x41, 0x8B,
  0x50, 0x0C, 0x41, 0x8B, 0x70, 0x10, 0x41, 0x8B, 0x78, 0x14, 0x66, 0xE7, 0xB2, 0x41, 0x89, 0x78,
  0x14, 0x41, 0x89, 0x70, 0x10, 0x41, 0x89, 0x50, 0x0C, 0x41, 0x89, 0x48, 0x08, 0x41, 0x89, 0x58,
  0x04, 0x41, 0x89, 0x00, 0x5F, 0x5E, 0x5A, 0x59, 0x5B, 0x58, 0x5D, 0xC3, 0x55, 0x50, 0x53, 0x51,
  0x52, 0x56, 0x57, 0x4C, 0x8B, 0xC1, 0x41, 0x8B, 0x00, 0x41, 0x8B, 0x58, 0x04, 0x41, 0x8B, 0x48,
  0x08, 0x41, 0x8B, 0x50, 0x0C, 0x41, 0x8B, 0x70, 0x10, 0x41, 0x8B, 0x78, 0x14, 0xFF, 0x15, 0x7D,
  0x1D, 0x00, 0x00, 0x50, 0x9C, 0x58, 0x49, 0x89, 0x40, 0x18, 0x58, 0x41, 0x89, 0x78, 0x14, 0x41,
  0x89, 0x70, 0x10, 0x41, 0x89, 0x50, 0x0C, 0x41, 0x89, 0x48, 0x08, 0x41, 0x89, 0x58, 0x04, 0x41,
  0x89, 0x00, 0x5F, 0x5E, 0x5A, 0x59, 0x5B, 0x58, 0x5D, 0xC3, 0xCC, 0xCC, 0xCC, 0xCC, 0xCC, 0xCC,
  0xCC, 0xCC, 0xCC, 0xCC, 0xCC, 0xCC, 0x66, 0x66, 0x0F, 0x1F, 0x84, 0x00, 0x00, 0x00, 0x00, 0x00,
  0x48, 0x3B, 0x0D, 0xA9, 0x1C, 0x00, 0x00, 0x75, 0x12, 0x48, 0xC1, 0xC1, 0x10, 0x66, 0xF7, 0xC1,
  0xFF, 0xFF, 0x75, 0x03, 0xC2, 0x00, 0x00, 0x48, 0xC1, 0xC9, 0x10, 0xE9, 0x08, 0x00, 0x00, 0x00,
  0xCC, 0xCC, 0xCC, 0xCC, 0xCC, 0xCC, 0xCC, 0xCC, 0x48, 0x83, 0xEC, 0x38, 0x4C, 0x8B, 0x0D, 0x85,
  0x1C, 0x00, 0x00, 0x4C, 0x8B, 0x05, 0x76, 0x1C, 0x00, 0x00, 0x48, 0x83, 0x64, 0x24, 0x20, 0x00,
  0x48, 0x8B, 0xD1, 0xB9, 0xF7, 0x00, 0x00, 0x00, 0xFF, 0x15, 0xBA, 0x0B, 0x00, 0x00, 0xCC, 0xCC,
  0xCC, 0xCC, 0xCC, 0xCC, 0xCC, 0xCC, 0x66, 0x66, 0x0F, 0x1F, 0x84, 0x00, 0x00, 0x00, 0x00, 0x00,
  0x48, 0x2B, 0xD1, 0x49, 0x83, 0xF8, 0x08, 0x72, 0x22, 0xF6, 0xC1, 0x07, 0x74, 0x14, 0x66, 0x90,
  0x8A, 0x01, 0x3A, 0x04, 0x0A, 0x75, 0x2C, 0x48, 0xFF, 0xC1, 0x49, 0xFF, 0xC8, 0xF6, 0xC1, 0x07,
  0x75, 0xEE, 0x4D, 0x8B, 0xC8, 0x49, 0xC1, 0xE9, 0x03, 0x75, 0x1F, 0x4D, 0x85, 0xC0, 0x74, 0x0F,
  0x8A, 0x01, 0x3A, 0x04, 0x0A, 0x75, 0x0C, 0x48, 0xFF, 0xC1, 0x49, 0xFF, 0xC8, 0x75, 0xF1, 0x48,
  0x33, 0xC0, 0xC3, 0x1B, 0xC0, 0x83, 0xD8, 0xFF, 0xC3, 0x90, 0x49, 0xC1, 0xE9, 0x02, 0x74, 0x37,
  0x48, 0x8B, 0x01, 0x48, 0x3B, 0x04, 0x0A, 0x75, 0x5B, 0x48, 0x8B, 0x41, 0x08, 0x48, 0x3B, 0x44,
  0x0A, 0x08, 0x75, 0x4C, 0x48, 0x8B, 0x41, 0x10, 0x48, 0x3B, 0x44, 0x0A, 0x10, 0x75, 0x3D, 0x48,
  0x8B, 0x41, 0x18, 0x48, 0x3B, 0x44, 0x0A, 0x18, 0x75, 0x2E, 0x48, 0x83, 0xC1, 0x20, 0x49, 0xFF,
  0xC9, 0x75, 0xCD, 0x49, 0x83, 0xE0, 0x1F, 0x4D, 0x8B, 0xC8, 0x49, 0xC1, 0xE9, 0x03, 0x74, 0x9B,
  0x48, 0x8B, 0x01, 0x48, 0x3B, 0x04, 0x0A, 0x75, 0x1B, 0x48, 0x83, 0xC1, 0x08, 0x49, 0xFF, 0xC9,
  0x75, 0xEE, 0x49, 0x83, 0xE0, 0x07, 0xEB, 0x83, 0x48, 0x83, 0xC1, 0x08, 0x48, 0x83, 0xC1, 0x08,
  0x48, 0x83, 0xC1, 0x08, 0x48, 0x8B, 0x0C, 0x11, 0x48, 0x0F, 0xC8, 0x48, 0x0F, 0xC9, 0x48, 0x3B,
  0xC1, 0x1B, 0xC0, 0x83, 0xD8, 0xFF, 0xC3, 0xCC, 0xCC, 0xCC, 0xCC, 0xCC, 0xCC, 0xCC, 0xCC, 0xCC,
  0xCC, 0xCC, 0xCC, 0xCC, 0xCC, 0xCC, 0x66, 0x66, 0x0F, 0x1F, 0x84, 0x00, 0x00, 0x00, 0x00, 0x00,
  0x4C, 0x8B, 0xD9, 0x48, 0x2B, 0xD1, 0x0F, 0x82, 0x9E, 0x01, 0x00, 0x00, 0x49, 0x83, 0xF8, 0x08,
  0x72, 0x62, 0xF6, 0xC1, 0x07, 0x74, 0x37, 0xF6, 0xC1, 0x01, 0x74, 0x0C, 0x8A, 0x04, 0x0A, 0x49,
  0xFF, 0xC8, 0x88, 0x01, 0x48, 0x83, 0xC1, 0x01, 0xF6, 0xC1, 0x02, 0x74, 0x0F, 0x66, 0x8B, 0x04,
  0x0A, 0x49, 0x83, 0xE8, 0x02, 0x66, 0x89, 0x01, 0x48, 0x83, 0xC1, 0x02, 0xF6, 0xC1, 0x04, 0x74,
  0x0D, 0x8B, 0x04, 0x0A, 0x49, 0x83, 0xE8, 0x04, 0x89, 0x01, 0x48, 0x83, 0xC1, 0x04, 0x4D, 0x8B,
  0xC8, 0x49, 0xC1, 0xE9, 0x05, 0x75, 0x50, 0x4D, 0x8B, 0xC8, 0x49, 0xC1, 0xE9, 0x03, 0x74, 0x14,
  0x48, 0x8B, 0x04, 0x0A, 0x48, 0x89, 0x01, 0x48, 0x83, 0xC1, 0x08, 0x49, 0xFF, 0xC9, 0x75, 0xF0,
  0x49, 0x83, 0xE0, 0x07, 0x4D, 0x85, 0xC0, 0x75, 0x07, 0x49, 0x8B, 0xC3, 0xC3, 0x0F, 0x1F, 0x00,
  0x8A, 0x04, 0x0A, 0x88, 0x01, 0x48, 0xFF, 0xC1, 0x49, 0xFF, 0xC8, 0x75, 0xF3, 0x49, 0x8B, 0xC3,
  0xC3, 0x66, 0x66, 0x66, 0x66, 0x66, 0x66, 0x66, 0x0F, 0x1F, 0x84, 0x00, 0x00, 0x00, 0x00, 0x00,
  0x66, 0x66, 0x66, 0x90, 0x66, 0x66, 0x90, 0x49, 0x81, 0xF9, 0x00, 0x20, 0x00, 0x00, 0x73, 0x42,
  0x48, 0x8B, 0x04, 0x0A, 0x4C, 0x8B, 0x54, 0x0A, 0x08, 0x48, 0x83, 0xC1, 0x20, 0x48, 0x89, 0x41,
  0xE0, 0x4C, 0x89, 0x51, 0xE8, 0x48, 0x8B, 0x44, 0x0A, 0xF0, 0x4C, 0x8B, 0x54, 0x0A, 0xF8, 0x49,
  0xFF, 0xC9, 0x48, 0x89, 0x41, 0xF0, 0x4C, 0x89, 0x51, 0xF8, 0x75, 0xD4, 0x49, 0x83, 0xE0, 0x1F,
  0xE9, 0x72, 0xFF, 0xFF, 0xFF, 0x66, 0x66, 0x66, 0x0F, 0x1F, 0x84, 0x00, 0x00, 0x00, 0x00, 0x00,
  0x66, 0x90, 0x48, 0x81, 0xFA, 0x00, 0x10, 0x00, 0x00, 0x72, 0xB5, 0xB8, 0x20, 0x00, 0x00, 0x00,
  0x0F, 0x18, 0x04, 0x0A, 0x0F, 0x18, 0x44, 0x0A, 0x40, 0x48, 0x81, 0xC1, 0x80, 0x00, 0x00, 0x00,
  0xFF, 0xC8, 0x75, 0xEC, 0x48, 0x81, 0xE9, 0x00, 0x10, 0x00, 0x00, 0xB8, 0x40, 0x00, 0x00, 0x00,
  0x4C, 0x8B, 0x0C, 0x0A, 0x4C, 0x8B, 0x54, 0x0A, 0x08, 0x4C, 0x0F, 0xC3, 0x09, 0x4C, 0x0F, 0xC3,
  0x51, 0x08, 0x4C, 0x8B, 0x4C, 0x0A, 0x10, 0x4C, 0x8B, 0x54, 0x0A, 0x18, 0x4C, 0x0F, 0xC3, 0x49,
  0x10, 0x4C, 0x0F, 0xC3, 0x51, 0x18, 0x4C, 0x8B, 0x4C, 0x0A, 0x20, 0x4C, 0x8B, 0x54, 0x0A, 0x28,
  0x48, 0x83, 0xC1, 0x40, 0x4C, 0x0F, 0xC3, 0x49, 0xE0, 0x4C, 0x0F, 0xC3, 0x51, 0xE8, 0x4C, 0x8B,
  0x4C, 0x0A, 0xF0, 0x4C, 0x8B, 0x54, 0x0A, 0xF8, 0xFF, 0xC8, 0x4C, 0x0F, 0xC3, 0x49, 0xF0, 0x4C,
  0x0F, 0xC3, 0x51, 0xF8, 0x75, 0xAA, 0x49, 0x81, 0xE8, 0x00, 0x10, 0x00, 0x00, 0x49, 0x81, 0xF8,
  0x00, 0x10, 0x00, 0x00, 0x0F, 0x83, 0x71, 0xFF, 0xFF, 0xFF, 0xF0, 0x80, 0x0C, 0x24, 0x00, 0xE9,
  0xBA, 0xFE, 0xFF, 0xFF, 0x66, 0x66, 0x66, 0x66, 0x0F, 0x1F, 0x84, 0x00, 0x00, 0x00, 0x00, 0x00,
  0x66, 0x66, 0x66, 0x90, 0x66, 0x66, 0x66, 0x90, 0x66, 0x90, 0x49, 0x03, 0xC8, 0x49, 0x83, 0xF8,
  0x08, 0x72, 0x61, 0xF6, 0xC1, 0x07, 0x74, 0x36, 0xF6, 0xC1, 0x01, 0x74, 0x0B, 0x48, 0xFF, 0xC9,
  0x8A, 0x04, 0x0A, 0x49, 0xFF, 0xC8, 0x88, 0x01, 0xF6, 0xC1, 0x02, 0x74, 0x0F, 0x48, 0x83, 0xE9,
  0x02, 0x66, 0x8B, 0x04, 0x0A, 0x49, 0x83, 0xE8, 0x02, 0x66, 0x89, 0x01, 0xF6, 0xC1, 0x04, 0x74,
  0x0D, 0x48, 0x83, 0xE9, 0x04, 0x8B, 0x04, 0x0A, 0x49, 0x83, 0xE8, 0x04, 0x89, 0x01, 0x4D, 0x8B,
  0xC8, 0x49, 0xC1, 0xE9, 0x05, 0x75, 0x50, 0x4D, 0x8B, 0xC8, 0x49, 0xC1, 0xE9, 0x03, 0x74, 0x14,
  0x48, 0x83, 0xE9, 0x08, 0x48, 0x8B, 0x04, 0x0A, 0x49, 0xFF, 0xC9, 0x48, 0x89, 0x01, 0x75, 0xF0,
  0x49, 0x83, 0xE0, 0x07, 0x4D, 0x85, 0xC0, 0x75, 0x07, 0x49, 0x8B, 0xC3, 0xC3, 0x0F, 0x1F, 0x00,
  0x48, 0xFF, 0xC9, 0x8A, 0x04, 0x0A, 0x49, 0xFF, 0xC8, 0x88, 0x01, 0x75, 0xF3, 0x49, 0x8B, 0xC3,
  0xC3, 0x66, 0x66, 0x66, 0x66, 0x66, 0x66, 0x66, 0x0F, 0x1F, 0x84, 0x00, 0x00, 0x00, 0x00, 0x00,
  0x66, 0x66, 0x66, 0x90, 0x66, 0x66, 0x90, 0x49, 0x81, 0xF9, 0x00, 0x20, 0x00, 0x00, 0x73, 0x42,
  0x48, 0x8B, 0x44, 0x0A, 0xF8, 0x4C, 0x8B, 0x54, 0x0A, 0xF0, 0x48, 0x83, 0xE9, 0x20, 0x48, 0x89,
  0x41, 0x18, 0x4C, 0x89, 0x51, 0x10, 0x48, 0x8B, 0x44, 0x0A, 0x08, 0x4C, 0x8B, 0x14, 0x0A, 0x49,
  0xFF, 0xC9, 0x48, 0x89, 0x41, 0x08, 0x4C, 0x89, 0x11, 0x75, 0xD5, 0x49, 0x83, 0xE0, 0x1F, 0xE9,
  0x73, 0xFF, 0xFF, 0xFF, 0x66, 0x66, 0x66, 0x66, 0x0F, 0x1F, 0x84, 0x00, 0x00, 0x00, 0x00, 0x00,
  0x66, 0x90, 0x48, 0x81, 0xFA, 0x00, 0xF0, 0xFF, 0xFF, 0x77, 0xB5, 0xB8, 0x20, 0x00, 0x00, 0x00,
  0x48, 0x81, 0xE9, 0x80, 0x00, 0x00, 0x00, 0x0F, 0x18, 0x04, 0x0A, 0x0F, 0x18, 0x44, 0x0A, 0x40,
  0xFF, 0xC8, 0x75, 0xEC, 0x48, 0x81, 0xC1, 0x00, 0x10, 0x00, 0x00, 0xB8, 0x40, 0x00, 0x00, 0x00,
  0x4C, 0x8B, 0x4C, 0x0A, 0xF8, 0x4C, 0x8B, 0x54, 0x0A, 0xF0, 0x4C, 0x0F, 0xC3, 0x49, 0xF8, 0x4C,
  0x0F, 0xC3, 0x51, 0xF0, 0x4C, 0x8B, 0x4C, 0x0A, 0xE8, 0x4C, 0x8B, 0x54, 0x0A, 0xE0, 0x4C, 0x0F,
  0xC3, 0x49, 0xE8, 0x4C, 0x0F, 0xC3, 0x51, 0xE0, 0x4C, 0x8B, 0x4C, 0x0A, 0xD8, 0x4C, 0x8B, 0x54,
  0x0A, 0xD0, 0x48, 0x83, 0xE9, 0x40, 0x4C, 0x0F, 0xC3, 0x49, 0x18, 0x4C, 0x0F, 0xC3, 0x51, 0x10,
  0x4C, 0x8B, 0x4C, 0x0A, 0x08, 0x4C, 0x8B, 0x14, 0x0A, 0xFF, 0xC8, 0x4C, 0x0F, 0xC3, 0x49, 0x08,
  0x4C, 0x0F, 0xC3, 0x11, 0x75, 0xAA, 0x49, 0x81, 0xE8, 0x00, 0x10, 0x00, 0x00, 0x49, 0x81, 0xF8,
  0x00, 0x10, 0x00, 0x00, 0x0F, 0x83, 0x71, 0xFF, 0xFF, 0xFF, 0xF0, 0x80, 0x0C, 0x24, 0x00, 0xE9,
  0xBA, 0xFE, 0xFF, 0xFF, 0x00, 0x00, 0x00, 0x00, 0x00, 0x00, 0x00, 0x00, 0x00, 0x00, 0x00, 0x00,
  0x00, 0x00, 0x00, 0x00, 0x00, 0x00, 0x00, 0x00, 0x00, 0x00, 0x00, 0x00, 0x00, 0x00, 0x00, 0x00,
  0x00, 0x00, 0x00, 0x00, 0x00, 0x00, 0x00, 0x00, 0x00, 0x00, 0x00, 0x00, 0x00, 0x00, 0x00, 0x00,
  0x00, 0x00, 0x00, 0x00, 0x00, 0x00, 0x00, 0x00, 0x00, 0x00, 0x00, 0x00, 0x00, 0x00, 0x00, 0x00,
  0x00, 0x00, 0x00, 0x00, 0x00, 0x00, 0x00, 0x00, 0x00, 0x00, 0x00, 0x00, 0x00, 0x00, 0x00, 0x00,
  0x00, 0x00, 0x00, 0x00, 0x00, 0x00, 0x00, 0x00, 0x00, 0x00, 0x00, 0x00, 0x00, 0x00, 0x00, 0x00,
  0x00, 0x00, 0x00, 0x00, 0x00, 0x00, 0x00, 0x00, 0x00, 0x00, 0x00, 0x00, 0x00, 0x00, 0x00, 0x00,
  0x00, 0x00, 0x00, 0x00, 0x00, 0x00, 0x00, 0x00, 0x00, 0x00, 0x00, 0x00, 0x00, 0x00, 0x00, 0x00,
  0x00, 0x00, 0x00, 0x00, 0x00, 0x00, 0x00, 0x00, 0x00, 0x00, 0x00, 0x00, 0x00, 0x00, 0x00, 0x00,
  0x00, 0x00, 0x00, 0x00, 0x00, 0x00, 0x00, 0x00, 0x00, 0x00, 0x00, 0x00, 0x00, 0x00, 0x00, 0x00,
  0x00, 0x00, 0x00, 0x00, 0x00, 0x00, 0x00, 0x00, 0x00, 0x00, 0x00, 0x00, 0x00, 0x00, 0x00, 0x00,
  0x00, 0x00, 0x00, 0x00, 0x00, 0x00, 0x00, 0x00, 0x00, 0x00, 0x00, 0x00, 0x00, 0x00, 0x00, 0x00,
  0x00, 0x00, 0x00, 0x00, 0x00, 0x00, 0x00, 0x00, 0x00, 0x00, 0x00, 0x00, 0x00, 0x00, 0x00, 0x00,
  0x00, 0x00, 0x00, 0x00, 0x00, 0x00, 0x00, 0x00, 0x00, 0x00, 0x00, 0x00, 0x00, 0x00, 0x00, 0x00,
  0x00, 0x00, 0x00, 0x00, 0x00, 0x00, 0x00, 0x00, 0x00, 0x00, 0x00, 0x00, 0x00, 0x00, 0x00, 0x00,
  0x00, 0x00, 0x00, 0x00, 0x00, 0x00, 0x00, 0x00, 0x00, 0x00, 0x00, 0x00, 0x00, 0x00, 0x00, 0x00,
  0x00, 0x00, 0x00, 0x00, 0x00, 0x00, 0x00, 0x00, 0x00, 0x00, 0x00, 0x00, 0x00, 0x00, 0x00, 0x00,
  0x00, 0x00, 0x00, 0x00, 0x00, 0x00, 0x00, 0x00, 0x00, 0x00, 0x00, 0x00, 0x00, 0x00, 0x00, 0x00,
  0x00, 0x00, 0x00, 0x00, 0x00, 0x00, 0x00, 0x00, 0x00, 0x00, 0x00, 0x00, 0x00, 0x00, 0x00, 0x00,
  0x00, 0x00, 0x00, 0x00, 0x00, 0x00, 0x00, 0x00, 0x00, 0x00, 0x00, 0x00, 0x00, 0x00, 0x00, 0x00,
  0x52, 0x62, 0x00, 0x00, 0x00, 0x00, 0x00, 0x00, 0x6A, 0x62, 0x00, 0x00, 0x00, 0x00, 0x00, 0x00,
  0x00, 0x00, 0x00, 0x00, 0x00, 0x00, 0x00, 0x00, 0x82, 0x61, 0x00, 0x00, 0x00, 0x00, 0x00, 0x00,
  0x9C, 0x61, 0x00, 0x00, 0x00, 0x00, 0x00, 0x00, 0xAE, 0x61, 0x00, 0x00, 0x00, 0x00, 0x00, 0x00,
  0xC6, 0x61, 0x00, 0x00, 0x00, 0x00, 0x00, 0x00, 0x70, 0x61, 0x00, 0x00, 0x00, 0x00, 0x00, 0x00,
  0xEC, 0x61, 0x00, 0x00, 0x00, 0x00, 0x00, 0x00, 0x04, 0x62, 0x00, 0x00, 0x00, 0x00, 0x00, 0x00,
  0x16, 0x62, 0x00, 0x00, 0x00, 0x00, 0x00, 0x00, 0x34, 0x62, 0x00, 0x00, 0x00, 0x00, 0x00, 0x00,
  0x58, 0x61, 0x00, 0x00, 0x00, 0x00, 0x00, 0x00, 0xD6, 0x61, 0x00, 0x00, 0x00, 0x00, 0x00, 0x00,
  0x40, 0x61, 0x00, 0x00, 0x00, 0x00, 0x00, 0x00, 0x00, 0x00, 0x00, 0x00, 0x00, 0x00, 0x00, 0x00,
  0x00, 0x00, 0x00, 0x00, 0x5F, 0x6B, 0x67, 0x51, 0x00, 0x00, 0x00, 0x00, 0x02, 0x00, 0x00, 0x00,
  0x3B, 0x00, 0x00, 0x00, 0x9C, 0x30, 0x00, 0x00, 0x9C, 0x1E, 0x00, 0x00, 0x52, 0x53, 0x44, 0x53,
  0x33, 0xE5, 0xB6, 0x68, 0xDA, 0xF6, 0xC0, 0x4C, 0xA9, 0xB2, 0x98, 0x1E, 0xA1, 0x86, 0xFE, 0x1A,
  0x01, 0x00, 0x00, 0x00, 0x43, 0x3A, 0x5C, 0x54, 0x65, 0x41, 0x63, 0x63, 0x65, 0x73, 0x73, 0x5C,
  0x74, 0x72, 0x75, 0x6E, 0x6B, 0x5C, 0x61, 0x6D, 0x64, 0x36, 0x34, 0x5C, 0x41, 0x63, 0x63, 0x65,
  0x73, 0x73, 0x2E, 0x70, 0x64, 0x62, 0x00, 0x00, 0x01, 0x04, 0x01, 0x00, 0x04, 0x62, 0x00, 0x00,
  0x01, 0x1D, 0x0C, 0x00, 0x1D, 0x74, 0x0B, 0x00, 0x1D, 0x64, 0x0A, 0x00, 0x1D, 0x54, 0x09, 0x00,
  0x1D, 0x34, 0x08, 0x00, 0x1D, 0x32, 0x19, 0xE0, 0x17, 0xD0, 0x15, 0xC0, 0x01, 0x08, 0x04, 0x00,
  0x08, 0x52, 0x04, 0x70, 0x03, 0x60, 0x02, 0x30, 0x01, 0x04, 0x01, 0x00, 0x04, 0x42, 0x00, 0x00,
  0x01, 0x06, 0x02, 0x00, 0x06, 0x52, 0x02, 0x30, 0x01, 0x15, 0x08, 0x00, 0x15, 0x74, 0x0E, 0x00,
  0x15, 0x64, 0x0D, 0x00, 0x15, 0x34, 0x0C, 0x00, 0x15, 0x92, 0x11, 0xC0, 0x01, 0x0F, 0x06, 0x00,
  0x0F, 0x64, 0x0B, 0x00, 0x0F, 0x34, 0x0A, 0x00, 0x0F, 0x72, 0x0B, 0x70, 0x01, 0x0A, 0x04, 0x00,
  0x0A, 0x34, 0x09, 0x00, 0x0A, 0x52, 0x06, 0x70, 0x01, 0x14, 0x08, 0x00, 0x14, 0x64, 0x0B, 0x00,
  0x14, 0x54, 0x0A, 0x00, 0x14, 0x34, 0x09, 0x00, 0x14, 0x52, 0x10, 0x70, 0x01, 0x15, 0x08, 0x00,
  0x15, 0x74, 0x08, 0x00, 0x15, 0x64, 0x07, 0x00, 0x15, 0x34, 0x06, 0x00, 0x15, 0x32, 0x11, 0xC0,
  0x01, 0x18, 0x0A, 0x00, 0x18, 0x64, 0x0C, 0x00, 0x18, 0x54, 0x0B, 0x00, 0x18, 0x34, 0x0A, 0x00,
  0x18, 0x52, 0x14, 0xD0, 0x12, 0xC0, 0x10, 0x70, 0x01, 0x06, 0x02, 0x00, 0x06, 0x32, 0x02, 0x30,
  0x01, 0x0A, 0x04, 0x00, 0x0A, 0x34, 0x08, 0x00, 0x0A, 0x52, 0x06, 0x70, 0x01, 0x06, 0x02, 0x00,
  0x06, 0xB2, 0x02, 0x30, 0x00, 0x00, 0x00, 0x00, 0x01, 0x00, 0x00, 0x00, 0x00, 0x00, 0x00, 0x00,
  0x01, 0x00, 0x00, 0x00, 0x00, 0x00, 0x00, 0x00, 0x00, 0x00, 0x00, 0x00, 0x00, 0x00, 0x00, 0x00,
  0x00, 0x00, 0x00, 0x00, 0x00, 0x00, 0x00, 0x00, 0x00, 0x00, 0x00, 0x00, 0x00, 0x00, 0x00, 0x00,
  0x00, 0x00, 0x00, 0x00, 0x00, 0x00, 0x00, 0x00, 0x00, 0x00, 0x00, 0x00, 0x00, 0x00, 0x00, 0x00,
  0x00, 0x00, 0x00, 0x00, 0x00, 0x00, 0x00, 0x00, 0x00, 0x00, 0x00, 0x00, 0x00, 0x00, 0x00, 0x00,
  0x00, 0x00, 0x00, 0x00, 0x00, 0x00, 0x00, 0x00, 0x00, 0x00, 0x00, 0x00, 0x00, 0x00, 0x00, 0x00,
  0x00, 0x00, 0x00, 0x00, 0x00, 0x01, 0x00, 0x00, 0x00, 0x00, 0x00, 0x00, 0x00, 0x00, 0x00, 0x00,
  0x00, 0x00, 0x00, 0x00, 0x00, 0x00, 0x00, 0x00, 0x00, 0x00, 0x00, 0x00, 0x00, 0x00, 0x00, 0x00,
  0x00, 0x00, 0x00, 0x00, 0x00, 0x00, 0x00, 0x00, 0x00, 0x00, 0x00, 0x00, 0x00, 0x00, 0x00, 0x00,
  0x00, 0x00, 0x00, 0x00, 0x00, 0x00, 0x00, 0x00, 0x00, 0x00, 0x00, 0x00, 0x00, 0x00, 0x00, 0x00,
  0x00, 0x00, 0x00, 0x00, 0x00, 0x00, 0x00, 0x00, 0x00, 0x00, 0x00, 0x00, 0x00, 0x00, 0x00, 0x00,
  0x00, 0x00, 0x00, 0x00, 0x00, 0x00, 0x00, 0x00, 0x00, 0x00, 0x00, 0x00, 0x00, 0x00, 0x00, 0x00,
  0x00, 0x00, 0x00, 0x00, 0x00, 0x00, 0x00, 0x00, 0x00, 0x00, 0x00, 0x00, 0x00, 0x00, 0x00, 0x00,
  0x00, 0x00, 0x00, 0x00, 0x00, 0x00, 0x00, 0x00, 0x00, 0x00, 0x00, 0x00, 0x00, 0x00, 0x00, 0x00,
  0x00, 0x00, 0x00, 0x00, 0x00, 0x00, 0x00, 0x00, 0x00, 0x00, 0x00, 0x00, 0x00, 0x00, 0x00, 0x00,
  0x00, 0x00, 0x00, 0x00, 0x00, 0x00, 0x00, 0x00, 0x00, 0x00, 0x00, 0x00, 0x00, 0x00, 0x00, 0x00,
  0x00, 0x00, 0x00, 0x00, 0x00, 0x00, 0x00, 0x00, 0x00, 0x00, 0x00, 0x00, 0x00, 0x00, 0x00, 0x00,
  0x00, 0x00, 0x00, 0x00, 0x00, 0x00, 0x00, 0x00, 0x00, 0x00, 0x00, 0x00, 0x00, 0x00, 0x00, 0x00,
  0x00, 0x00, 0x00, 0x00, 0x00, 0x00, 0x00, 0x00, 0x00, 0x00, 0x00, 0x00, 0x00, 0x00, 0x00, 0x00,
  0x00, 0x00, 0x00, 0x00, 0x00, 0x00, 0x00, 0x00, 0x00, 0x00, 0x00, 0x00, 0x00, 0x00, 0x00, 0x00,
  0x00, 0x00, 0x00, 0x00, 0x00, 0x00, 0x00, 0x00, 0x00, 0x00, 0x00, 0x00, 0x00, 0x00, 0x00, 0x00,
  0x00, 0x00, 0x00, 0x00, 0x00, 0x00, 0x00, 0x00, 0x00, 0x00, 0x00, 0x00, 0x00, 0x00, 0x00, 0x00,
  0x32, 0xA2, 0xDF, 0x2D, 0x99, 0x2B, 0x00, 0x00, 0xCD, 0x5D, 0x20, 0xD2, 0x66, 0xD4, 0xFF, 0xFF,
  0x5C, 0x00, 0x44, 0x00, 0x6F, 0x00, 0x73, 0x00, 0x44, 0x00, 0x65, 0x00, 0x76, 0x00, 0x69, 0x00,
  0x63, 0x00, 0x65, 0x00, 0x73, 0x00, 0x5C, 0x00, 0x54, 0x00, 0x45, 0x00, 0x41, 0x00, 0x43, 0x00,
  0x43, 0x00, 0x45, 0x00, 0x53, 0x00, 0x53, 0x00, 0x00, 0x00, 0x00, 0x00, 0x00, 0x00, 0x00, 0x00,
  0x5C, 0x00, 0x44, 0x00, 0x65, 0x00, 0x76, 0x00, 0x69, 0x00, 0x63, 0x00, 0x65, 0x00, 0x5C, 0x00,
  0x54, 0x00, 0x45, 0x00, 0x41, 0x00, 0x43, 0x00, 0x43, 0x00, 0x45, 0x00, 0x53, 0x00, 0x53, 0x00,
  0x00, 0x00, 0x00, 0x00, 0x62, 0x00, 0x66, 0x00, 0x80, 0x81, 0x00, 0x00, 0x60, 0x00, 0x64, 0x00,
  0x00, 0x20, 0x00, 0x00, 0x00, 0x00, 0x00, 0x00, 0x00, 0x00, 0x00, 0x00, 0x00, 0x00, 0x00, 0x00,
  0x00, 0x00, 0x00, 0x00, 0x00, 0x00, 0x00, 0x00, 0x00, 0x00, 0x00, 0x00, 0x00, 0x00, 0x00, 0x00,
  0x00, 0x00, 0x00, 0x00, 0x00, 0x00, 0x00, 0x00, 0x00, 0x00, 0x00, 0x00, 0x00, 0x00, 0x00, 0x00,
  0x00, 0x00, 0x00, 0x00, 0x00, 0x00, 0x00, 0x00, 0x00, 0x00, 0x00, 0x00, 0x00, 0x00, 0x00, 0x00,
  0x00, 0x00, 0x00, 0x00, 0x00, 0x00, 0x00, 0x00, 0x00, 0x00, 0x00, 0x00, 0x00, 0x00, 0x00, 0x00,
  0x00, 0x00, 0x00, 0x00, 0x00, 0x00, 0x00, 0x00, 0x00, 0x00, 0x00, 0x00, 0x00, 0x00, 0x00, 0x00,
  0x00, 0x00, 0x00, 0x00, 0x00, 0x00, 0x00, 0x00, 0x00, 0x00, 0x00, 0x00, 0x00, 0x00, 0x00, 0x00,
  0x00, 0x00, 0x00, 0x00, 0x00, 0x00, 0x00, 0x00, 0x00, 0x00, 0x00, 0x00, 0x00, 0x00, 0x00, 0x00,
  0x00, 0x00, 0x00, 0x00, 0x00, 0x00, 0x00, 0x00, 0x00, 0x00, 0x00, 0x00, 0x00, 0x00, 0x00, 0x00,
  0x08, 0x10, 0x00, 0x00, 0xD4, 0x10, 0x00, 0x00, 0x9C, 0x31, 0x00, 0x00, 0xDC, 0x10, 0x00, 0x00,
  0x12, 0x11, 0x00, 0x00, 0x10, 0x31, 0x00, 0x00, 0x18, 0x11, 0x00, 0x00, 0x4D, 0x11, 0x00, 0x00,
  0x08, 0x31, 0x00, 0x00, 0x54, 0x11, 0x00, 0x00, 0xB1, 0x11, 0x00, 0x00, 0x88, 0x31, 0x00, 0x00,
  0xB8, 0x11, 0x00, 0x00, 0xB0, 0x16, 0x00, 0x00, 0x90, 0x31, 0x00, 0x00, 0xB8, 0x16, 0x00, 0x00,
  0xBF, 0x17, 0x00, 0x00, 0x88, 0x31, 0x00, 0x00, 0xC8, 0x17, 0x00, 0x00, 0xB9, 0x18, 0x00, 0x00,
  0x88, 0x31, 0x00, 0x00, 0xC0, 0x18, 0x00, 0x00, 0x51, 0x1A, 0x00, 0x00, 0x88, 0x31, 0x00, 0x00,
  0x58, 0x1A, 0x00, 0x00, 0x47, 0x1B, 0x00, 0x00, 0x70, 0x31, 0x00, 0x00, 0x50, 0x1B, 0x00, 0x00,
  0x39, 0x1C, 0x00, 0x00, 0x5C, 0x31, 0x00, 0x00, 0x40, 0x1C, 0x00, 0x00, 0xEE, 0x1C, 0x00, 0x00,
  0x48, 0x31, 0x00, 0x00, 0xF4, 0x1C, 0x00, 0x00, 0xB2, 0x1D, 0x00, 0x00, 0x3C, 0x31, 0x00, 0x00,
  0xB8, 0x1D, 0x00, 0x00, 0xCD, 0x1E, 0x00, 0x00, 0x2C, 0x31, 0x00, 0x00, 0xD4, 0x1E, 0x00, 0x00,
  0x85, 0x1F, 0x00, 0x00, 0x2C, 0x31, 0x00, 0x00, 0x8C, 0x1F, 0x00, 0x00, 0x3D, 0x20, 0x00, 0x00,
  0x2C, 0x31, 0x00, 0x00, 0x44, 0x20, 0x00, 0x00, 0x7A, 0x21, 0x00, 0x00, 0x18, 0x31, 0x00, 0x00,
  0x80, 0x21, 0x00, 0x00, 0x64, 0x22, 0x00, 0x00, 0xFC, 0x30, 0x00, 0x00, 0x6C, 0x22, 0x00, 0x00,
  0x0A, 0x23, 0x00, 0x00, 0xE0, 0x30, 0x00, 0x00, 0x78, 0x24, 0x00, 0x00, 0x9F, 0x24, 0x00, 0x00,
  0xD8, 0x30, 0x00, 0x00, 0xB0, 0x24, 0x00, 0x00, 0x77, 0x25, 0x00, 0x00, 0xA8, 0x31, 0x00, 0x00,
  0x90, 0x25, 0x00, 0x00, 0xC4, 0x28, 0x00, 0x00, 0xB0, 0x31, 0x00, 0x00, 0x64, 0x60, 0x00, 0x00,
  0x82, 0x60, 0x00, 0x00, 0x08, 0x31, 0x00, 0x00, 0x00, 0x00, 0x00, 0x00, 0x00, 0x00, 0x00, 0x00,
  0x00, 0x00, 0x00, 0x00, 0x00, 0x00, 0x00, 0x00, 0x00, 0x00, 0x00, 0x00, 0x00, 0x00, 0x00, 0x00,
  0x00, 0x00, 0x00, 0x00, 0x00, 0x00, 0x00, 0x00, 0x00, 0x00, 0x00, 0x00, 0x00, 0x00, 0x00, 0x00,
  0x00, 0x00, 0x00, 0x00, 0x00, 0x00, 0x00, 0x00, 0x00, 0x00, 0x00, 0x00, 0x00, 0x00, 0x00, 0x00,
  0x00, 0x00, 0x00, 0x00, 0x00, 0x00, 0x00, 0x00, 0x00, 0x00, 0x00, 0x00, 0x00, 0x00, 0x00, 0x00,
  0x00, 0x00, 0x00, 0x00, 0x00, 0x00, 0x00, 0x00, 0x00, 0x00, 0x00, 0x00, 0x00, 0x00, 0x00, 0x00,
  0x00, 0x00, 0x00, 0x00, 0x00, 0x00, 0x00, 0x00, 0x00, 0x00, 0x00, 0x00, 0x00, 0x00, 0x00, 0x00,
  0x00, 0x00, 0x00, 0x00, 0x00, 0x00, 0x00, 0x00, 0x00, 0x00, 0x00, 0x00, 0x00, 0x00, 0x00, 0x00,
  0x00, 0x00, 0x00, 0x00, 0x00, 0x00, 0x00, 0x00, 0x00, 0x00, 0x00, 0x00, 0x00, 0x00, 0x00, 0x00,
  0x00, 0x00, 0x00, 0x00, 0x00, 0x00, 0x00, 0x00, 0x00, 0x00, 0x00, 0x00, 0x00, 0x00, 0x00, 0x00,
  0x00, 0x00, 0x00, 0x00, 0x00, 0x00, 0x00, 0x00, 0x00, 0x00, 0x00, 0x00, 0x00, 0x00, 0x00, 0x00,
  0x00, 0x00, 0x00, 0x00, 0x00, 0x00, 0x00, 0x00, 0x00, 0x00, 0x00, 0x00, 0x00, 0x00, 0x00, 0x00,
  0x00, 0x00, 0x00, 0x00, 0x00, 0x00, 0x00, 0x00, 0x00, 0x00, 0x00, 0x00, 0x00, 0x00, 0x00, 0x00,
  0x00, 0x00, 0x00, 0x00, 0x00, 0x00, 0x00, 0x00, 0x00, 0x00, 0x00, 0x00, 0x00, 0x00, 0x00, 0x00,
  0x00, 0x00, 0x00, 0x00, 0x00, 0x00, 0x00, 0x00, 0x00, 0x00, 0x00, 0x00, 0x00, 0x00, 0x00, 0x00,
  0x00, 0x00, 0x00, 0x00, 0x00, 0x00, 0x00, 0x00, 0x00, 0x00, 0x00, 0x00, 0x00, 0x00, 0x00, 0x00,
  0x00, 0x00, 0x00, 0x00, 0x00, 0x00, 0x00, 0x00, 0x48, 0x8B, 0x05, 0xF1, 0xE0, 0xFF, 0xFF, 0x48,
  0xBA, 0x32, 0xA2, 0xDF, 0x2D, 0x99, 0x2B, 0x00, 0x00, 0x48, 0x85, 0xC0, 0x74, 0x05, 0x48, 0x3B,
  0xC2, 0x75, 0x2F, 0x48, 0x8D, 0x0D, 0xD6, 0xE0, 0xFF, 0xFF, 0x48, 0xB8, 0x20, 0x03, 0x00, 0x00,
  0x80, 0xF7, 0xFF, 0xFF, 0x48, 0x8B, 0x00, 0x48, 0x33, 0xC1, 0x48, 0xB9, 0xFF, 0xFF, 0xFF, 0xFF,
  0xFF, 0xFF, 0x00, 0x00, 0x48, 0x23, 0xC1, 0x48, 0x0F, 0x44, 0xC2, 0x48, 0x89, 0x05, 0xAE, 0xE0,
  0xFF, 0xFF, 0x48, 0xF7, 0xD0, 0x48, 0x89, 0x05, 0xAC, 0xE0, 0xFF, 0xFF, 0xC3, 0xCC, 0xCC, 0xCC,
  0xCC, 0xCC, 0xCC, 0xCC, 0x48, 0x83, 0xEC, 0x28, 0x4C, 0x8B, 0xC2, 0x4C, 0x8B, 0xC9, 0xE8, 0x95,
  0xFF, 0xFF, 0xFF, 0x49, 0x8B, 0xD0, 0x49, 0x8B, 0xC9, 0x48, 0x83, 0xC4, 0x28, 0xE9, 0x86, 0xAF,
  0xFF, 0xFF, 0xCC, 0xCC, 0xD8, 0x60, 0x00, 0x00, 0x00, 0x00, 0x00, 0x00, 0x00, 0x00, 0x00, 0x00,
  0x44, 0x62, 0x00, 0x00, 0x18, 0x30, 0x00, 0x00, 0xC0, 0x60, 0x00, 0x00, 0x00, 0x00, 0x00, 0x00,
  0x00, 0x00, 0x00, 0x00, 0x82, 0x62, 0x00, 0x00, 0x00, 0x30, 0x00, 0x00, 0x00, 0x00, 0x00, 0x00,
  0x00, 0x00, 0x00, 0x00, 0x00, 0x00, 0x00, 0x00, 0x00, 0x00, 0x00, 0x00, 0x00, 0x00, 0x00, 0x00,
  0x52, 0x62, 0x00, 0x00, 0x00, 0x00, 0x00, 0x00, 0x6A, 0x62, 0x00, 0x00, 0x00, 0x00, 0x00, 0x00,
  0x00, 0x00, 0x00, 0x00, 0x00, 0x00, 0x00, 0x00, 0x82, 0x61, 0x00, 0x00, 0x00, 0x00, 0x00, 0x00,
  0x9C, 0x61, 0x00, 0x00, 0x00, 0x00, 0x00, 0x00, 0xAE, 0x61, 0x00, 0x00, 0x00, 0x00, 0x00, 0x00,
  0xC6, 0x61, 0x00, 0x00, 0x00, 0x00, 0x00, 0x00, 0x70, 0x61, 0x00, 0x00, 0x00, 0x00, 0x00, 0x00,
  0xEC, 0x61, 0x00, 0x00, 0x00, 0x00, 0x00, 0x00, 0x04, 0x62, 0x00, 0x00, 0x00, 0x00, 0x00, 0x00,
  0x16, 0x62, 0x00, 0x00, 0x00, 0x00, 0x00, 0x00, 0x34, 0x62, 0x00, 0x00, 0x00, 0x00, 0x00, 0x00,
  0x58, 0x61, 0x00, 0x00, 0x00, 0x00, 0x00, 0x00, 0xD6, 0x61, 0x00, 0x00, 0x00, 0x00, 0x00, 0x00,
  0x40, 0x61, 0x00, 0x00, 0x00, 0x00, 0x00, 0x00, 0x00, 0x00, 0x00, 0x00, 0x00, 0x00, 0x00, 0x00,
  0xE5, 0x01, 0x49, 0x6F, 0x44, 0x65, 0x6C, 0x65, 0x74, 0x65, 0x53, 0x79, 0x6D, 0x62, 0x6F, 0x6C,
  0x69, 0x63, 0x4C, 0x69, 0x6E, 0x6B, 0x00, 0x00, 0xBA, 0x05, 0x52, 0x74, 0x6C, 0x49, 0x6E, 0x69,
  0x74, 0x55, 0x6E, 0x69, 0x63, 0x6F, 0x64, 0x65, 0x53, 0x74, 0x72, 0x69, 0x6E, 0x67, 0x00, 0x00,
  0xE3, 0x01, 0x49, 0x6F, 0x44, 0x65, 0x6C, 0x65, 0x74, 0x65, 0x44, 0x65, 0x76, 0x69, 0x63, 0x65,
  0x00, 0x00, 0xB8, 0x03, 0x4D, 0x6D, 0x46, 0x72, 0x65, 0x65, 0x43, 0x6F, 0x6E, 0x74, 0x69, 0x67,
  0x75, 0x6F, 0x75, 0x73, 0x4D, 0x65, 0x6D, 0x6F, 0x72, 0x79, 0x00, 0x00, 0xED, 0x03, 0x4D, 0x6D,
  0x55, 0x6E, 0x6D, 0x61, 0x70, 0x49, 0x6F, 0x53, 0x70, 0x61, 0x63, 0x65, 0x00, 0x00, 0xBD, 0x03,
  0x4D, 0x6D, 0x47, 0x65, 0x74, 0x50, 0x68, 0x79, 0x73, 0x69, 0x63, 0x61, 0x6C, 0x41, 0x64, 0x64,
  0x72, 0x65, 0x73, 0x73, 0x00, 0x00, 0xCE, 0x03, 0x4D, 0x6D, 0x4D, 0x61, 0x70, 0x49, 0x6F, 0x53,
  0x70, 0x61, 0x63, 0x65, 0x00, 0x00, 0xA3, 0x02, 0x49, 0x6F, 0x66, 0x43, 0x6F, 0x6D, 0x70, 0x6C,
  0x65, 0x74, 0x65, 0x52, 0x65, 0x71, 0x75, 0x65, 0x73, 0x74, 0x00, 0x00, 0xD8, 0x01, 0x49, 0x6F,
  0x43, 0x72, 0x65, 0x61, 0x74, 0x65, 0x53, 0x79, 0x6D, 0x62, 0x6F, 0x6C, 0x69, 0x63, 0x4C, 0x69,
  0x6E, 0x6B, 0x00, 0x00, 0xCE, 0x01, 0x49, 0x6F, 0x43, 0x72, 0x65, 0x61, 0x74, 0x65, 0x44, 0x65,
  0x76, 0x69, 0x63, 0x65, 0x00, 0x00, 0xA5, 0x03, 0x4D, 0x6D, 0x41, 0x6C, 0x6C, 0x6F, 0x63, 0x61,
  0x74, 0x65, 0x43, 0x6F, 0x6E, 0x74, 0x69, 0x67, 0x75, 0x6F, 0x75, 0x73, 0x4D, 0x65, 0x6D, 0x6F,
  0x72, 0x79, 0x00, 0x00, 0xC8, 0x02, 0x4B, 0x65, 0x42, 0x75, 0x67, 0x43, 0x68, 0x65, 0x63, 0x6B,
  0x45, 0x78, 0x00, 0x00, 0x6E, 0x74, 0x6F, 0x73, 0x6B, 0x72, 0x6E, 0x6C, 0x2E, 0x65, 0x78, 0x65,
  0x00, 0x00, 0x3A, 0x00, 0x48, 0x61, 0x6C, 0x53, 0x65, 0x74, 0x42, 0x75, 0x73, 0x44, 0x61, 0x74,
  0x61, 0x42, 0x79, 0x4F, 0x66, 0x66, 0x73, 0x65, 0x74, 0x00, 0x16, 0x00, 0x48, 0x61, 0x6C, 0x47,
  0x65, 0x74, 0x42, 0x75, 0x73, 0x44, 0x61, 0x74, 0x61, 0x42, 0x79, 0x4F, 0x66, 0x66, 0x73, 0x65,
  0x74, 0x00, 0x48, 0x41, 0x4C, 0x2E, 0x64, 0x6C, 0x6C, 0x00, 0x00, 0x00, 0x00, 0x00, 0x00, 0x00,
  0x00, 0x00, 0x00, 0x00, 0x00, 0x00, 0x00, 0x00, 0x00, 0x00, 0x00, 0x00, 0x00, 0x00, 0x00, 0x00,
  0x00, 0x00, 0x00, 0x00, 0x00, 0x00, 0x00, 0x00, 0x00, 0x00, 0x00, 0x00, 0x00, 0x00, 0x00, 0x00,
  0x00, 0x00, 0x00, 0x00, 0x00, 0x00, 0x00, 0x00, 0x00, 0x00, 0x00, 0x00, 0x00, 0x00, 0x00, 0x00,
  0x00, 0x00, 0x00, 0x00, 0x00, 0x00, 0x00, 0x00, 0x00, 0x00, 0x00, 0x00, 0x00, 0x00, 0x00, 0x00,
  0x00, 0x00, 0x00, 0x00, 0x00, 0x00, 0x00, 0x00, 0x00, 0x00, 0x00, 0x00, 0x00, 0x00, 0x00, 0x00,
  0x00, 0x00, 0x00, 0x00, 0x00, 0x00, 0x00, 0x00, 0x00, 0x00, 0x00, 0x00, 0x00, 0x00, 0x00, 0x00,
  0x00, 0x00, 0x00, 0x00, 0x00, 0x00, 0x00, 0x00, 0x00, 0x00, 0x00, 0x00, 0x00, 0x00, 0x00, 0x00,
  0x00, 0x00, 0x00, 0x00, 0x00, 0x00, 0x00, 0x00, 0x00, 0x00, 0x00, 0x00, 0x00, 0x00, 0x00, 0x00,
  0x00, 0x00, 0x00, 0x00, 0x00, 0x00, 0x00, 0x00, 0x00, 0x00, 0x00, 0x00, 0x00, 0x00, 0x00, 0x00,
  0x00, 0x00, 0x00, 0x00, 0x00, 0x00, 0x00, 0x00, 0x00, 0x00, 0x00, 0x00, 0x00, 0x00, 0x00, 0x00,
  0x00, 0x00, 0x00, 0x00, 0x00, 0x00, 0x00, 0x00, 0x00, 0x00, 0x00, 0x00, 0x00, 0x00, 0x00, 0x00,
  0x00, 0x00, 0x00, 0x00, 0x00, 0x00, 0x00, 0x00, 0x00, 0x00, 0x00, 0x00, 0x00, 0x00, 0x00, 0x00,
  0x00, 0x00, 0x00, 0x00, 0x00, 0x00, 0x00, 0x00, 0x00, 0x00, 0x00, 0x00, 0x00, 0x00, 0x00, 0x00,
  0x00, 0x00, 0x00, 0x00, 0x00, 0x00, 0x00, 0x00, 0x00, 0x00, 0x00, 0x00, 0x00, 0x00, 0x00, 0x00,
  0x00, 0x00, 0x00, 0x00, 0x00, 0x00, 0x00, 0x00, 0x00, 0x00, 0x00, 0x00, 0x00, 0x00, 0x00, 0x00,
  0x00, 0x00, 0x00, 0x00, 0x00, 0x00, 0x00, 0x00, 0x00, 0x00, 0x00, 0x00, 0x00, 0x00, 0x00, 0x00,
  0x00, 0x00, 0x00, 0x00, 0x00, 0x00, 0x00, 0x00, 0x00, 0x00, 0x00, 0x00, 0x00, 0x00, 0x00, 0x00,
  0x00, 0x00, 0x00, 0x00, 0x00, 0x00, 0x00, 0x00, 0x00, 0x00, 0x00, 0x00, 0x00, 0x00, 0x00, 0x00,
  0x00, 0x00, 0x00, 0x00, 0x00, 0x00, 0x00, 0x00, 0x00, 0x00, 0x00, 0x00, 0x00, 0x00, 0x00, 0x00,
  0x00, 0x00, 0x00, 0x00, 0x00, 0x00, 0x00, 0x00, 0x00, 0x00, 0x00, 0x00, 0x00, 0x00, 0x00, 0x00,
  0x00, 0x00, 0x00, 0x00, 0x00, 0x00, 0x00, 0x00, 0x00, 0x00, 0x00, 0x00, 0x00, 0x00, 0x00, 0x00,
  0x00, 0x00, 0x00, 0x00, 0x00, 0x00, 0x00, 0x00, 0x00, 0x00, 0x00, 0x00, 0x00, 0x00, 0x00, 0x00,
  0x00, 0x00, 0x00, 0x00, 0x00, 0x00, 0x00, 0x00, 0x00, 0x00, 0x00, 0x00, 0x00, 0x00, 0x00, 0x00,
  0x28, 0x14, 0x00, 0x00, 0x00, 0x02, 0x02, 0x00, 0x30, 0x82, 0x14, 0x15, 0x06, 0x09, 0x2A, 0x86,
  0x48, 0x86, 0xF7, 0x0D, 0x01, 0x07, 0x02, 0xA0, 0x82, 0x14, 0x06, 0x30, 0x82, 0x14, 0x02, 0x02,
  0x01, 0x01, 0x31, 0x0B, 0x30, 0x09, 0x06, 0x05, 0x2B, 0x0E, 0x03, 0x02, 0x1A, 0x05, 0x00, 0x30,
  0x4C, 0x06, 0x0A, 0x2B, 0x06, 0x01, 0x04, 0x01, 0x82, 0x37, 0x02, 0x01, 0x04, 0xA0, 0x3E, 0x30,
  0x3C, 0x30, 0x17, 0x06, 0x0A, 0x2B, 0x06, 0x01, 0x04, 0x01, 0x82, 0x37, 0x02, 0x01, 0x0F, 0x30,
  0x09, 0x03, 0x01, 0x00, 0xA0, 0x04, 0xA2, 0x02, 0x80, 0x00, 0x30, 0x21, 0x30, 0x09, 0x06, 0x05,
  0x2B, 0x0E, 0x03, 0x02, 0x1A, 0x05, 0x00, 0x04, 0x14, 0x96, 0xE1, 0x5E, 0xB9, 0x36, 0xC0, 0x49,
  0xAC, 0x87, 0xD0, 0xDF, 0x9B, 0x05, 0x2A, 0xE7, 0xD8, 0x1C, 0x8B, 0xA9, 0xA4, 0xA0, 0x82, 0x11,
  0x39, 0x30, 0x82, 0x05, 0x89, 0x30, 0x82, 0x04, 0x71, 0xA0, 0x03, 0x02, 0x01, 0x02, 0x02, 0x10,
  0x39, 0x7E, 0xAB, 0xD0, 0xA3, 0xFC, 0xCD, 0x49, 0x21, 0x84, 0xEF, 0x60, 0xAB, 0x31, 0xC8, 0xB8,
  0x30, 0x0D, 0x06, 0x09, 0x2A, 0x86, 0x48, 0x86, 0xF7, 0x0D, 0x01, 0x01, 0x05, 0x05, 0x00, 0x30,
  0x81, 0xB4, 0x31, 0x0B, 0x30, 0x09, 0x06, 0x03, 0x55, 0x04, 0x06, 0x13, 0x02, 0x55, 0x53, 0x31,
  0x17, 0x30, 0x15, 0x06, 0x03, 0x55, 0x04, 0x0A, 0x13, 0x0E, 0x56, 0x65, 0x72, 0x69, 0x53, 0x69,
  0x67, 0x6E, 0x2C, 0x20, 0x49, 0x6E, 0x63, 0x2E, 0x31, 0x1F, 0x30, 0x1D, 0x06, 0x03, 0x55, 0x04,
  0x0B, 0x13, 0x16, 0x56, 0x65, 0x72, 0x69, 0x53, 0x69, 0x67, 0x6E, 0x20, 0x54, 0x72, 0x75, 0x73,
  0x74, 0x20, 0x4E, 0x65, 0x74, 0x77, 0x6F, 0x72, 0x6B, 0x31, 0x3B, 0x30, 0x39, 0x06, 0x03, 0x55,
  0x04, 0x0B, 0x13, 0x32, 0x54, 0x65, 0x72, 0x6D, 0x73, 0x20, 0x6F, 0x66, 0x20, 0x75, 0x73, 0x65,
  0x20, 0x61, 0x74, 0x20, 0x68, 0x74, 0x74, 0x70, 0x73, 0x3A, 0x2F, 0x2F, 0x77, 0x77, 0x77, 0x2E,
  0x76, 0x65, 0x72, 0x69, 0x73, 0x69, 0x67, 0x6E, 0x2E, 0x63, 0x6F, 0x6D, 0x2F, 0x72, 0x70, 0x61,
  0x20, 0x28, 0x63, 0x29, 0x31, 0x30, 0x31, 0x2E, 0x30, 0x2C, 0x06, 0x03, 0x55, 0x04, 0x03, 0x13,
  0x25, 0x56, 0x65, 0x72, 0x69, 0x53, 0x69, 0x67, 0x6E, 0x20, 0x43, 0x6C, 0x61, 0x73, 0x73, 0x20,
  0x33, 0x20, 0x43, 0x6F, 0x64, 0x65, 0x20, 0x53, 0x69, 0x67, 0x6E, 0x69, 0x6E, 0x67, 0x20, 0x32,
  0x30, 0x31, 0x30, 0x20, 0x43, 0x41, 0x30, 0x1E, 0x17, 0x0D, 0x31, 0x32, 0x30, 0x33, 0x31, 0x36,
  0x30, 0x30, 0x30, 0x30, 0x30, 0x30, 0x5A, 0x17, 0x0D, 0x31, 0x35, 0x30, 0x33, 0x31, 0x36, 0x32,
  0x33, 0x35, 0x39, 0x35, 0x39, 0x5A, 0x30, 0x81, 0xCC, 0x31, 0x0B, 0x30, 0x09, 0x06, 0x03, 0x55,
  0x04, 0x06, 0x13, 0x02, 0x54, 0x57, 0x31, 0x0F, 0x30, 0x0D, 0x06, 0x03, 0x55, 0x04, 0x08, 0x13,
  0x06, 0x54, 0x61, 0x69, 0x77, 0x61, 0x6E, 0x31, 0x0F, 0x30, 0x0D, 0x06, 0x03, 0x55, 0x04, 0x07,
  0x13, 0x06, 0x54, 0x61, 0x69, 0x70, 0x65, 0x69, 0x31, 0x1C, 0x30, 0x1A, 0x06, 0x03, 0x55, 0x04,
  0x0A, 0x14, 0x13, 0x57, 0x69, 0x73, 0x74, 0x72, 0x6F, 0x6E, 0x20, 0x43, 0x6F, 0x72, 0x70, 0x6F,
  0x72, 0x61, 0x74, 0x69, 0x6F, 0x6E, 0x31, 0x3E, 0x30, 0x3C, 0x06, 0x03, 0x55, 0x04, 0x0B, 0x13,
  0x35, 0x44, 0x69, 0x67, 0x69, 0x74, 0x61, 0x6C, 0x20, 0x49, 0x44, 0x20, 0x43, 0x6C, 0x61, 0x73,
  0x73, 0x20, 0x33, 0x20, 0x2D, 0x20, 0x4D, 0x69, 0x63, 0x72, 0x6F, 0x73, 0x6F, 0x66, 0x74, 0x20,
  0x53, 0x6F, 0x66, 0x74, 0x77, 0x61, 0x72, 0x65, 0x20, 0x56, 0x61, 0x6C, 0x69, 0x64, 0x61, 0x74,
  0x69, 0x6F, 0x6E, 0x20, 0x76, 0x32, 0x31, 0x1F, 0x30, 0x1D, 0x06, 0x03, 0x55, 0x04, 0x0B, 0x14,
  0x16, 0x4F, 0x53, 0x20, 0x43, 0x65, 0x72, 0x74, 0x69, 0x66, 0x69, 0x63, 0x61, 0x74, 0x69, 0x6F,
  0x6E, 0x20, 0x44, 0x65, 0x70, 0x74, 0x2E, 0x31, 0x1C, 0x30, 0x1A, 0x06, 0x03, 0x55, 0x04, 0x03,
  0x14, 0x13, 0x57, 0x69, 0x73, 0x74, 0x72, 0x6F, 0x6E, 0x20, 0x43, 0x6F, 0x72, 0x70, 0x6F, 0x72,
  0x61, 0x74, 0x69, 0x6F, 0x6E, 0x30, 0x82, 0x01, 0x22, 0x30, 0x0D, 0x06, 0x09, 0x2A, 0x86, 0x48,
  0x86, 0xF7, 0x0D, 0x01, 0x01, 0x01, 0x05, 0x00, 0x03, 0x82, 0x01, 0x0F, 0x00, 0x30, 0x82, 0x01,
  0x0A, 0x02, 0x82, 0x01, 0x01, 0x00, 0x8C, 0x76, 0x0D, 0xD8, 0x55, 0xC5, 0x37, 0xD8, 0x12, 0xA2,
  0xDF, 0xAF, 0xAF, 0x50, 0x8F, 0x14, 0x57, 0x59, 0xF7, 0x28, 0xD3, 0x2D, 0x5F, 0x7F, 0x0E, 0x50,
  0x29, 0x66, 0xE2, 0x0E, 0xDA, 0x1E, 0xC2, 0x32, 0x8F, 0x53, 0x10, 0x3D, 0x6D, 0xC9, 0xD7, 0x26,
  0x89, 0xD4, 0x18, 0xCB, 0x3F, 0x4A, 0x19, 0x9B, 0xDA, 0x3A, 0x62, 0x18, 0xD9, 0x4F, 0xAE, 0xF5,
  0x18, 0x8D, 0xB4, 0xAC, 0x94, 0x21, 0xC1, 0xF8, 0xC9, 0xCC, 0x8B, 0xA2, 0x43, 0x07, 0x0A, 0xDF,
  0x99, 0x60, 0x23, 0x11, 0x11, 0x42, 0xDC, 0xF9, 0xD2, 0x0A, 0x15, 0x4D, 0x7C, 0xEE, 0x42, 0xF7,
  0x38, 0x12, 0x4A, 0xE4, 0x20, 0xCF, 0xF8, 0xBA, 0xE3, 0x6B, 0x99, 0x8F, 0xE5, 0x5F, 0xC1, 0xFB,
  0x48, 0x06, 0xD1, 0xFB, 0x4D, 0xA6, 0xEA, 0xEE, 0x23, 0x8B, 0x61, 0x7A, 0x7C, 0xCA, 0x40, 0xBC,
  0xEE, 0xE6, 0x04, 0x8F, 0x6B, 0x9F, 0x7B, 0xAC, 0xF8, 0xB1, 0xBA, 0xB0, 0xB1, 0x55, 0x02, 0x36,
  0x5E, 0xCF, 0xFB, 0xF6, 0x0C, 0x10, 0x8C, 0xDC, 0xEA, 0xB1, 0x31, 0xAC, 0x09, 0xD0, 0xF7, 0x53,
  0x78, 0xC1, 0xD5, 0x23, 0xA1, 0xA0, 0x94, 0x3D, 0xEF, 0x13, 0x02, 0xF8, 0x4D, 0x56, 0xC0, 0xA3,
  0xC9, 0x13, 0x6E, 0x83, 0x9D, 0xF5, 0xFA, 0x0E, 0x90, 0xB4, 0xFD, 0xAA, 0x85, 0xEE, 0x91, 0xAE,
  0xFD, 0xC1, 0xDE, 0xF1, 0x99, 0xEA, 0xE4, 0x86, 0x6C, 0x19, 0x38, 0x70, 0xAA, 0xE9, 0xCC, 0x89,
  0x94, 0x4E, 0x1D, 0x54, 0x66, 0x46, 0x67, 0x0F, 0x66, 0x9C, 0xB5, 0x98, 0xF9, 0xA5, 0xDA, 0x86,
  0x2B, 0xA8, 0x15, 0x38, 0x68, 0x6F, 0xBF, 0x03, 0x94, 0x1F, 0xF1, 0x5D, 0x55, 0x4D, 0x93, 0x2A,
  0xD7, 0xBE, 0x39, 0x47, 0x1A, 0x1C, 0xE1, 0x49, 0xDE, 0x95, 0x22, 0x6D, 0xF0, 0x6C, 0x2B, 0x65,
  0xE4, 0x03, 0xFD, 0x56, 0x2D, 0xF7, 0x02, 0x03, 0x01, 0x00, 0x01, 0xA3, 0x82, 0x01, 0x7B, 0x30,
  0x82, 0x01, 0x77, 0x30, 0x09, 0x06, 0x03, 0x55, 0x1D, 0x13, 0x04, 0x02, 0x30, 0x00, 0x30, 0x0E,
  0x06, 0x03, 0x55, 0x1D, 0x0F, 0x01, 0x01, 0xFF, 0x04, 0x04, 0x03, 0x02, 0x07, 0x80, 0x30, 0x40,
  0x06, 0x03, 0x55, 0x1D, 0x1F, 0x04, 0x39, 0x30, 0x37, 0x30, 0x35, 0xA0, 0x33, 0xA0, 0x31, 0x86,
  0x2F, 0x68, 0x74, 0x74, 0x70, 0x3A, 0x2F, 0x2F, 0x63, 0x73, 0x63, 0x33, 0x2D, 0x32, 0x30, 0x31,
  0x30, 0x2D, 0x63, 0x72, 0x6C, 0x2E, 0x76, 0x65, 0x72, 0x69, 0x73, 0x69, 0x67, 0x6E, 0x2E, 0x63,
  0x6F, 0x6D, 0x2F, 0x43, 0x53, 0x43, 0x33, 0x2D, 0x32, 0x30, 0x31, 0x30, 0x2E, 0x63, 0x72, 0x6C,
  0x30, 0x44, 0x06, 0x03, 0x55, 0x1D, 0x20, 0x04, 0x3D, 0x30, 0x3B, 0x30, 0x39, 0x06, 0x0B, 0x60,
  0x86, 0x48, 0x01, 0x86, 0xF8, 0x45, 0x01, 0x07, 0x17, 0x03, 0x30, 0x2A, 0x30, 0x28, 0x06, 0x08,
  0x2B, 0x06, 0x01, 0x05, 0x05, 0x07, 0x02, 0x01, 0x16, 0x1C, 0x68, 0x74, 0x74, 0x70, 0x73, 0x3A,
  0x2F, 0x2F, 0x77, 0x77, 0x77, 0x2E, 0x76, 0x65, 0x72, 0x69, 0x73, 0x69, 0x67, 0x6E, 0x2E, 0x63,
  0x6F, 0x6D, 0x2F, 0x72, 0x70, 0x61, 0x30, 0x13, 0x06, 0x03, 0x55, 0x1D, 0x25, 0x04, 0x0C, 0x30,
  0x0A, 0x06, 0x08, 0x2B, 0x06, 0x01, 0x05, 0x05, 0x07, 0x03, 0x03, 0x30, 0x71, 0x06, 0x08, 0x2B,
  0x06, 0x01, 0x05, 0x05, 0x07, 0x01, 0x01, 0x04, 0x65, 0x30, 0x63, 0x30, 0x24, 0x06, 0x08, 0x2B,
  0x06, 0x01, 0x05, 0x05, 0x07, 0x30, 0x01, 0x86, 0x18, 0x68, 0x74, 0x74, 0x70, 0x3A, 0x2F, 0x2F,
  0x6F, 0x63, 0x73, 0x70, 0x2E, 0x76, 0x65, 0x72, 0x69, 0x73, 0x69, 0x67, 0x6E, 0x2E, 0x63, 0x6F,
  0x6D, 0x30, 0x3B, 0x06, 0x08, 0x2B, 0x06, 0x01, 0x05, 0x05, 0x07, 0x30, 0x02, 0x86, 0x2F, 0x68,
  0x74, 0x74, 0x70, 0x3A, 0x2F, 0x2F, 0x63, 0x73, 0x63, 0x33, 0x2D, 0x32, 0x30, 0x31, 0x30, 0x2D,
  0x61, 0x69, 0x61, 0x2E, 0x76, 0x65, 0x72, 0x69, 0x73, 0x69, 0x67, 0x6E, 0x2E, 0x63, 0x6F, 0x6D,
  0x2F, 0x43, 0x53, 0x43, 0x33, 0x2D, 0x32, 0x30, 0x31, 0x30, 0x2E, 0x63, 0x65, 0x72, 0x30, 0x1F,
  0x06, 0x03, 0x55, 0x1D, 0x23, 0x04, 0x18, 0x30, 0x16, 0x80, 0x14, 0xCF, 0x99, 0xA9, 0xEA, 0x7B,
  0x26, 0xF4, 0x4B, 0xC9, 0x8E, 0x8F, 0xD7, 0xF0, 0x05, 0x26, 0xEF, 0xE3, 0xD2, 0xA7, 0x9D, 0x30,
  0x11, 0x06, 0x09, 0x60, 0x86, 0x48, 0x01, 0x86, 0xF8, 0x42, 0x01, 0x01, 0x04, 0x04, 0x03, 0x02,
  0x04, 0x10, 0x30, 0x16, 0x06, 0x0A, 0x2B, 0x06, 0x01, 0x04, 0x01, 0x82, 0x37, 0x02, 0x01, 0x1B,
  0x04, 0x08, 0x30, 0x06, 0x01, 0x01, 0x00, 0x01, 0x01, 0xFF, 0x30, 0x0D, 0x06, 0x09, 0x2A, 0x86,
  0x48, 0x86, 0xF7, 0x0D, 0x01, 0x01, 0x05, 0x05, 0x00, 0x03, 0x82, 0x01, 0x01, 0x00, 0xC2, 0x6C,
  0xF2, 0xA8, 0x0D, 0x12, 0xCB, 0xBD, 0x36, 0x7A, 0xC7, 0x90, 0x04, 0xB1, 0x6E, 0xAD, 0x09, 0x49,
  0x98, 0x31, 0x8F, 0x91, 0xB5, 0xF0, 0xB2, 0x4E, 0x24, 0x90, 0x17, 0x23, 0xB6, 0xEC, 0x77, 0x45,
  0x62, 0xB4, 0xE9, 0x0C, 0x4F, 0xAE, 0xFD, 0x33, 0x23, 0x72, 0xFD, 0x44, 0x8A, 0x74, 0xC5, 0x41,
  0x45, 0xB1, 0x9B, 0x75, 0x87, 0xC2, 0x9F, 0x54, 0x05, 0x18, 0x70, 0x1D, 0xE6, 0xF0, 0xF7, 0x7F,
  0xE7, 0x43, 0x94, 0x94, 0x29, 0xF2, 0x93, 0xBC, 0xAB, 0xC8, 0xE5, 0xAD, 0xE6, 0x31, 0x2B, 0x52,
  0x61, 0xD3, 0x03, 0x54, 0x51, 0x0A, 0x46, 0x86, 0x63, 0xB0, 0x6B, 0xF7, 0x4F, 0xAD, 0xB2, 0xBE,
  0x45, 0x5C, 0x68, 0xE2, 0x42, 0x91, 0xBA, 0xB8, 0x82, 0xAE, 0x19, 0xB1, 0xDA, 0x34, 0x31, 0x22,
  0xCB, 0xFC, 0x0A, 0x57, 0xC1, 0xF9, 0x01, 0x04, 0x3D, 0xD9, 0x40, 0x81, 0xF4, 0x8B, 0x5E, 0x45,
  0x27, 0xDB, 0x24, 0xC1, 0xBB, 0x6A, 0xA4, 0x57, 0x9B, 0xC3, 0xA0, 0x1F, 0x35, 0x33, 0x72, 0x13,
  0x37, 0x47, 0x4A, 0x58, 0x7B, 0x86, 0x11, 0x64, 0x0B, 0x30, 0xAE, 0x4C, 0xC5, 0x34, 0x67, 0xB5,
  0x1D, 0x1E, 0xC3, 0xE7, 0x2B, 0xA0, 0xB3, 0xF6, 0x09, 0xDF, 0x79, 0x5A, 0x26, 0xA7, 0x05, 0x11,
  0x98, 0xE5, 0x8C, 0xF1, 0x0C, 0xF2, 0x32, 0x83, 0x70, 0xD4, 0x7F, 0x4D, 0xEC, 0xF0, 0xA0, 0x6B,
  0xDD, 0x0E, 0xCB, 0x02, 0xB2, 0x73, 0xE7, 0xED, 0x7A, 0x7F, 0x01, 0xBF, 0x50, 0x13, 0x4C, 0x10,
  0x09, 0x94, 0xBA, 0xFB, 0xA6, 0x1E, 0xB5, 0xC0, 0x33, 0x85, 0x5E, 0xC9, 0xD2, 0x46, 0x64, 0x26,
  0x92, 0x2F, 0xFD, 0x36, 0xAC, 0x83, 0x32, 0x3D, 0x9D, 0x22, 0x4A, 0xA1, 0x56, 0x46, 0xC8, 0xF5,
  0xD2, 0x87, 0xB0, 0xCD, 0x76, 0x83, 0x3F, 0xE2, 0x83, 0x7A, 0x35, 0x49, 0x39, 0x79, 0x30, 0x82,
  0x05, 0x9A, 0x30, 0x82, 0x03, 0x82, 0xA0, 0x03, 0x02, 0x01, 0x02, 0x02, 0x0A, 0x61, 0x19, 0x93,
  0xE4, 0x00, 0x00, 0x00, 0x00, 0x00, 0x1C, 0x30, 0x0D, 0x06, 0x09, 0x2A, 0x86, 0x48, 0x86, 0xF7,
  0x0D, 0x01, 0x01, 0x05, 0x05, 0x00, 0x30, 0x7F, 0x31, 0x0B, 0x30, 0x09, 0x06, 0x03, 0x55, 0x04,
  0x06, 0x13, 0x02, 0x55, 0x53, 0x31, 0x13, 0x30, 0x11, 0x06, 0x03, 0x55, 0x04, 0x08, 0x13, 0x0A,
  0x57, 0x61, 0x73, 0x68, 0x69, 0x6E, 0x67, 0x74, 0x6F, 0x6E, 0x31, 0x10, 0x30, 0x0E, 0x06, 0x03,
  0x55, 0x04, 0x07, 0x13, 0x07, 0x52, 0x65, 0x64, 0x6D, 0x6F, 0x6E, 0x64, 0x31, 0x1E, 0x30, 0x1C,
  0x06, 0x03, 0x55, 0x04, 0x0A, 0x13, 0x15, 0x4D, 0x69, 0x63, 0x72, 0x6F, 0x73, 0x6F, 0x66, 0x74,
  0x20, 0x43, 0x6F, 0x72, 0x70, 0x6F, 0x72, 0x61, 0x74, 0x69, 0x6F, 0x6E, 0x31, 0x29, 0x30, 0x27,
  0x06, 0x03, 0x55, 0x04, 0x03, 0x13, 0x20, 0x4D, 0x69, 0x63, 0x72, 0x6F, 0x73, 0x6F, 0x66, 0x74,
  0x20, 0x43, 0x6F, 0x64, 0x65, 0x20, 0x56, 0x65, 0x72, 0x69, 0x66, 0x69, 0x63, 0x61, 0x74, 0x69,
  0x6F, 0x6E, 0x20, 0x52, 0x6F, 0x6F, 0x74, 0x30, 0x1E, 0x17, 0x0D, 0x31, 0x31, 0x30, 0x32, 0x32,
  0x32, 0x31, 0x39, 0x32, 0x35, 0x31, 0x37, 0x5A, 0x17, 0x0D, 0x32, 0x31, 0x30, 0x32, 0x32, 0x32,
  0x31, 0x39, 0x33, 0x35, 0x31, 0x37, 0x5A, 0x30, 0x81, 0xCA, 0x31, 0x0B, 0x30, 0x09, 0x06, 0x03,
  0x55, 0x04, 0x06, 0x13, 0x02, 0x55, 0x53, 0x31, 0x17, 0x30, 0x15, 0x06, 0x03, 0x55, 0x04, 0x0A,
  0x13, 0x0E, 0x56, 0x65, 0x72, 0x69, 0x53, 0x69, 0x67, 0x6E, 0x2C, 0x20, 0x49, 0x6E, 0x63, 0x2E,
  0x31, 0x1F, 0x30, 0x1D, 0x06, 0x03, 0x55, 0x04, 0x0B, 0x13, 0x16, 0x56, 0x65, 0x72, 0x69, 0x53,
  0x69, 0x67, 0x6E, 0x20, 0x54, 0x72, 0x75, 0x73, 0x74, 0x20, 0x4E, 0x65, 0x74, 0x77, 0x6F, 0x72,
  0x6B, 0x31, 0x3A, 0x30, 0x38, 0x06, 0x03, 0x55, 0x04, 0x0B, 0x13, 0x31, 0x28, 0x63, 0x29, 0x20,
  0x32, 0x30, 0x30, 0x36, 0x20, 0x56, 0x65, 0x72, 0x69, 0x53, 0x69, 0x67, 0x6E, 0x2C, 0x20, 0x49,
  0x6E, 0x63, 0x2E, 0x20, 0x2D, 0x20, 0x46, 0x6F, 0x72, 0x20, 0x61, 0x75, 0x74, 0x68, 0x6F, 0x72,
  0x69, 0x7A, 0x65, 0x64, 0x20, 0x75, 0x73, 0x65, 0x20, 0x6F, 0x6E, 0x6C, 0x79, 0x31, 0x45, 0x30,
  0x43, 0x06, 0x03, 0x55, 0x04, 0x03, 0x13, 0x3C, 0x56, 0x65, 0x72, 0x69, 0x53, 0x69, 0x67, 0x6E,
  0x20, 0x43, 0x6C, 0x61, 0x73, 0x73, 0x20, 0x33, 0x20, 0x50, 0x75, 0x62, 0x6C, 0x69, 0x63, 0x20,
  0x50, 0x72, 0x69, 0x6D, 0x61, 0x72, 0x79, 0x20, 0x43, 0x65, 0x72, 0x74, 0x69, 0x66, 0x69, 0x63,
  0x61, 0x74, 0x69, 0x6F, 0x6E, 0x20, 0x41, 0x75, 0x74, 0x68, 0x6F, 0x72, 0x69, 0x74, 0x79, 0x20,
  0x2D, 0x20, 0x47, 0x35, 0x30, 0x82, 0x01, 0x22, 0x30, 0x0D, 0x06, 0x09, 0x2A, 0x86, 0x48, 0x86,
  0xF7, 0x0D, 0x01, 0x01, 0x01, 0x05, 0x00, 0x03, 0x82, 0x01, 0x0F, 0x00, 0x30, 0x82, 0x01, 0x0A,
  0x02, 0x82, 0x01, 0x01, 0x00, 0xAF, 0x24, 0x08, 0x08, 0x29, 0x7A, 0x35, 0x9E, 0x60, 0x0C, 0xAA,
  0xE7, 0x4B, 0x3B, 0x4E, 0xDC, 0x7C, 0xBC, 0x3C, 0x45, 0x1C, 0xBB, 0x2B, 0xE0, 0xFE, 0x29, 0x02,
  0xF9, 0x57, 0x08, 0xA3, 0x64, 0x85, 0x15, 0x27, 0xF5, 0xF1, 0xAD, 0xC8, 0x31, 0x89, 0x5D, 0x22,
  0xE8, 0x2A, 0xAA, 0xA6, 0x42, 0xB3, 0x8F, 0xF8, 0xB9, 0x55, 0xB7, 0xB1, 0xB7, 0x4B, 0xB3, 0xFE,
  0x8F, 0x7E, 0x07, 0x57, 0xEC, 0xEF, 0x43, 0xDB, 0x66, 0x62, 0x15, 0x61, 0xCF, 0x60, 0x0D, 0xA4,
  0xD8, 0xDE, 0xF8, 0xE0, 0xC3, 0x62, 0x08, 0x3D, 0x54, 0x13, 0xEB, 0x49, 0xCA, 0x59, 0x54, 0x85,
  0x26, 0xE5, 0x2B, 0x8F, 0x1B, 0x9F, 0xEB, 0xF5, 0xA1, 0x91, 0xC2, 0x33, 0x49, 0xD8, 0x43, 0x63,
  0x6A, 0x52, 0x4B, 0xD2, 0x8F, 0xE8, 0x70, 0x51, 0x4D, 0xD1, 0x89, 0x69, 0x7B, 0xC7, 0x70, 0xF6,
  0xB3, 0xDC, 0x12, 0x74, 0xDB, 0x7B, 0x5D, 0x4B, 0x56, 0xD3, 0x96, 0xBF, 0x15, 0x77, 0xA1, 0xB0,
  0xF4, 0xA2, 0x25, 0xF2, 0xAF, 0x1C, 0x92, 0x67, 0x18, 0xE5, 0xF4, 0x06, 0x04, 0xEF, 0x90, 0xB9,
  0xE4, 0x00, 0xE4, 0xDD, 0x3A, 0xB5, 0x19, 0xFF, 0x02, 0xBA, 0xF4, 0x3C, 0xEE, 0xE0, 0x8B, 0xEB,
  0x37, 0x8B, 0xEC, 0xF4, 0xD7, 0xAC, 0xF2, 0xF6, 0xF0, 0x3D, 0xAF, 0xDD, 0x75, 0x91, 0x33, 0x19,
  0x1D, 0x1C, 0x40, 0xCB, 0x74, 0x24, 0x19, 0x21, 0x93, 0xD9, 0x14, 0xFE, 0xAC, 0x2A, 0x52, 0xC7,
  0x8F, 0xD5, 0x04, 0x49, 0xE4, 0x8D, 0x63, 0x47, 0x88, 0x3C, 0x69, 0x83, 0xCB, 0xFE, 0x47, 0xBD,
  0x2B, 0x7E, 0x4F, 0xC5, 0x95, 0xAE, 0x0E, 0x9D, 0xD4, 0xD1, 0x43, 0xC0, 0x67, 0x73, 0xE3, 0x14,
  0x08, 0x7E, 0xE5, 0x3F, 0x9F, 0x73, 0xB8, 0x33, 0x0A, 0xCF, 0x5D, 0x3F, 0x34, 0x87, 0x96, 0x8A,
  0xEE, 0x53, 0xE8, 0x25, 0x15, 0x02, 0x03, 0x01, 0x00, 0x01, 0xA3, 0x81, 0xCB, 0x30, 0x81, 0xC8,
  0x30, 0x11, 0x06, 0x03, 0x55, 0x1D, 0x20, 0x04, 0x0A, 0x30, 0x08, 0x30, 0x06, 0x06, 0x04, 0x55,
  0x1D, 0x20, 0x00, 0x30, 0x0F, 0x06, 0x03, 0x55, 0x1D, 0x13, 0x01, 0x01, 0xFF, 0x04, 0x05, 0x30,
  0x03, 0x01, 0x01, 0xFF, 0x30, 0x0B, 0x06, 0x03, 0x55, 0x1D, 0x0F, 0x04, 0x04, 0x03, 0x02, 0x01,
  0x86, 0x30, 0x1D, 0x06, 0x03, 0x55, 0x1D, 0x0E, 0x04, 0x16, 0x04, 0x14, 0x7F, 0xD3, 0x65, 0xA7,
  0xC2, 0xDD, 0xEC, 0xBB, 0xF0, 0x30, 0x09, 0xF3, 0x43, 0x39, 0xFA, 0x02, 0xAF, 0x33, 0x31, 0x33,
  0x30, 0x1F, 0x06, 0x03, 0x55, 0x1D, 0x23, 0x04, 0x18, 0x30, 0x16, 0x80, 0x14, 0x62, 0xFB, 0x0A,
  0x21, 0x5B, 0x7F, 0x43, 0x6E, 0x11, 0xDA, 0x09, 0x54, 0x50, 0x6B, 0xF5, 0xD2, 0x96, 0x71, 0xF1,
  0x9E, 0x30, 0x55, 0x06, 0x03, 0x55, 0x1D, 0x1F, 0x04, 0x4E, 0x30, 0x4C, 0x30, 0x4A, 0xA0, 0x48,
  0xA0, 0x46, 0x86, 0x44, 0x68, 0x74, 0x74, 0x70, 0x3A, 0x2F, 0x2F, 0x63, 0x72, 0x6C, 0x2E, 0x6D,
  0x69, 0x63, 0x72, 0x6F, 0x73, 0x6F, 0x66, 0x74, 0x2E, 0x63, 0x6F, 0x6D, 0x2F, 0x70, 0x6B, 0x69,
  0x2F, 0x63, 0x72, 0x6C, 0x2F, 0x70, 0x72, 0x6F, 0x64, 0x75, 0x63, 0x74, 0x73, 0x2F, 0x4D, 0x69,
  0x63, 0x72, 0x6F, 0x73, 0x6F, 0x66, 0x74, 0x43, 0x6F, 0x64, 0x65, 0x56, 0x65, 0x72, 0x69, 0x66,
  0x52, 0x6F, 0x6F, 0x74, 0x2E, 0x63, 0x72, 0x6C, 0x30, 0x0D, 0x06, 0x09, 0x2A, 0x86, 0x48, 0x86,
  0xF7, 0x0D, 0x01, 0x01, 0x05, 0x05, 0x00, 0x03, 0x82, 0x02, 0x01, 0x00, 0x81, 0x2A, 0x82, 0x16,
  0x8C, 0x34, 0x67, 0x2B, 0xE5, 0x03, 0xEB, 0x34, 0x7B, 0x8C, 0xA2, 0xA3, 0x50, 0x8A, 0xF4, 0x55,
  0x86, 0xF1, 0x1E, 0x8C, 0x8E, 0xAE, 0x7D, 0xEE, 0x03, 0x19, 0xCE, 0x72, 0x95, 0x18, 0x48, 0xAD,
  0x62, 0x11, 0xFD, 0x20, 0xFD, 0x3F, 0x47, 0x06, 0x01, 0x5A, 0xE2, 0xE0, 0x6F, 0x8C, 0x15, 0x2C,
  0x4E, 0x3C, 0x6A, 0x50, 0x6C, 0x0B, 0x36, 0xA3, 0xCF, 0x7A, 0x0D, 0x9C, 0x42, 0xBC, 0x5C, 0xF8,
  0x19, 0xD5, 0x60, 0xE3, 0x69, 0xE6, 0xE2, 0x23, 0x41, 0x67, 0x8C, 0x68, 0x83, 0x76, 0x2B, 0x8F,
  0x93, 0xA3, 0x2A, 0xB5, 0x7F, 0xBE, 0x59, 0xFB, 0xA9, 0xC9, 0xB2, 0x26, 0x8F, 0xCA, 0xA2, 0xF3,
  0x82, 0x1B, 0x98, 0x3E, 0x91, 0x95, 0x27, 0x97, 0x86, 0x61, 0xEE, 0x5B, 0x5D, 0x07, 0x6B, 0xCD,
  0x86, 0xA8, 0xE2, 0x65, 0x80, 0xA8, 0xE2, 0x15, 0xE2, 0xB2, 0xBE, 0x23, 0x05, 0x6A, 0xBA, 0x0C,
  0xF3, 0x47, 0x93, 0x4D, 0xAC, 0xA4, 0x8C, 0x07, 0x79, 0x39, 0xC0, 0x61, 0x12, 0x3A, 0x05, 0x0D,
  0x89, 0xA3, 0xEC, 0x9F, 0x57, 0x89, 0x84, 0xFB, 0xEC, 0xCA, 0x7C, 0x47, 0x66, 0x14, 0x91, 0xD8,
  0xB6, 0x0F, 0x19, 0x5D, 0xE6, 0xB8, 0x4A, 0xAC, 0xBC, 0x47, 0xC8, 0x71, 0x43, 0x96, 0xE6, 0x32,
  0x20, 0xA5, 0xDC, 0x77, 0x86, 0xFD, 0x3C, 0xE3, 0x8B, 0x71, 0xDB, 0x7B, 0x9B, 0x03, 0xFC, 0xB7,
  0x1D, 0x32, 0x64, 0xEB, 0x16, 0x52, 0xA0, 0x43, 0xA3, 0xFA, 0x2E, 0xAD, 0x59, 0x92, 0x4E, 0x7C,
  0xC7, 0xF2, 0x33, 0x42, 0x48, 0x38, 0x51, 0x3A, 0x7C, 0x38, 0xC7, 0x1B, 0x24, 0x22, 0x28, 0x40,
  0x1E, 0x1A, 0x46, 0x1F, 0x17, 0xDB, 0x18, 0xF7, 0xF0, 0x27, 0x35, 0x6C, 0xB8, 0x63, 0xD9, 0xCD,
  0xB9, 0x64, 0x5D, 0x2B, 0xA5, 0x5E, 0xEF, 0xC6, 0x29, 0xB4, 0xF2, 0xC7, 0xF8, 0x21, 0xCC, 0x04,
  0xBA, 0x57, 0xFD, 0x01, 0xB6, 0xAB, 0xC6, 0x67, 0xF9, 0xE7, 0xD3, 0x99, 0x7F, 0xF4, 0xF5, 0x22,
  0xFA, 0x72, 0xF5, 0xFD, 0xFF, 0x3A, 0x1C, 0x42, 0x3A, 0xA1, 0xF9, 0x80, 0x18, 0xA5, 0xEE, 0x8D,
  0x1C, 0xD4, 0x66, 0x9E, 0x45, 0x01, 0xFE, 0xAA, 0xEE, 0xFF, 0xFB, 0x17, 0x8F, 0x30, 0xF7, 0xF1,
  0xCD, 0x29, 0xC5, 0x9D, 0xEC, 0xB5, 0xD5, 0x49, 0x00, 0x3D, 0x85, 0xB8, 0xCB, 0xBB, 0x93, 0x3A,
  0x27, 0x6A, 0x49, 0xC0, 0x30, 0xAE, 0x66, 0xC9, 0xF7, 0x23, 0x28, 0x32, 0x76, 0xF9, 0xA4, 0x83,
  0x56, 0xC8, 0x48, 0xCE, 0x5A, 0x96, 0xAA, 0xA0, 0xCC, 0x0C, 0xC4, 0x7F, 0xB4, 0x8E, 0x97, 0xAF,
  0x6D, 0xE3, 0x54, 0x27, 0xC3, 0x9F, 0x86, 0xC0, 0xD6, 0xE4, 0x73, 0x08, 0x97, 0x05, 0xDB, 0xD0,
  0x54, 0x62, 0x5E, 0x03, 0x48, 0xC2, 0xD5, 0x9F, 0x7F, 0xA7, 0x66, 0x8C, 0xD0, 0x9D, 0xB0, 0x4F,
  0xD4, 0xD3, 0x98, 0x5F, 0x4B, 0x7A, 0xC9, 0x7F, 0xB2, 0x29, 0x52, 0xD0, 0x12, 0x80, 0xC7, 0x0F,
  0x54, 0xB6, 0x1E, 0x67, 0xCD, 0xC6, 0xA0, 0x6C, 0x11, 0x03, 0x84, 0xD3, 0x48, 0x75, 0xE7, 0x2A,
  0xFE, 0xB0, 0x3B, 0x6E, 0x0A, 0x3A, 0xA6, 0x6B, 0x76, 0x99, 0x05, 0xA3, 0xF1, 0x77, 0x68, 0x61,
  0x33, 0x14, 0x47, 0x06, 0xFC, 0x53, 0x7F, 0x52, 0xBD, 0x92, 0x14, 0x5C, 0x4A, 0x24, 0x6A, 0x67,
  0x8C, 0xAF, 0x8D, 0x90, 0xAA, 0xD0, 0xF6, 0x79, 0x21, 0x1B, 0x93, 0x26, 0x7C, 0xC3, 0xCE, 0x1E,
  0xBD, 0x88, 0x38, 0x92, 0xAE, 0x45, 0xC6, 0x19, 0x6A, 0x49, 0x50, 0xB3, 0x05, 0xF8, 0xAE, 0x59,
  0x37, 0x8A, 0x6A, 0x25, 0x03, 0x94, 0xB1, 0x59, 0x81, 0x50, 0xE8, 0xBA, 0x83, 0x80, 0xB7, 0x23,
  0x35, 0xF4, 0x76, 0xB9, 0x67, 0x1D, 0x59, 0x18, 0xAD, 0x20, 0x8D, 0x94, 0x30, 0x82, 0x06, 0x0A,
  0x30, 0x82, 0x04, 0xF2, 0xA0, 0x03, 0x02, 0x01, 0x02, 0x02, 0x10, 0x52, 0x00, 0xE5, 0xAA, 0x25,
  0x56, 0xFC, 0x1A, 0x86, 0xED, 0x96, 0xC9, 0xD4, 0x4B, 0x33, 0xC7, 0x30, 0x0D, 0x06, 0x09, 0x2A,
  0x86, 0x48, 0x86, 0xF7, 0x0D, 0x01, 0x01, 0x05, 0x05, 0x00, 0x30, 0x81, 0xCA, 0x31, 0x0B, 0x30,
  0x09, 0x06, 0x03, 0x55, 0x04, 0x06, 0x13, 0x02, 0x55, 0x53, 0x31, 0x17, 0x30, 0x15, 0x06, 0x03,
  0x55, 0x04, 0x0A, 0x13, 0x0E, 0x56, 0x65, 0x72, 0x69, 0x53, 0x69, 0x67, 0x6E, 0x2C, 0x20, 0x49,
  0x6E, 0x63, 0x2E, 0x31, 0x1F, 0x30, 0x1D, 0x06, 0x03, 0x55, 0x04, 0x0B, 0x13, 0x16, 0x56, 0x65,
  0x72, 0x69, 0x53, 0x69, 0x67, 0x6E, 0x20, 0x54, 0x72, 0x75, 0x73, 0x74, 0x20, 0x4E, 0x65, 0x74,
  0x77, 0x6F, 0x72, 0x6B, 0x31, 0x3A, 0x30, 0x38, 0x06, 0x03, 0x55, 0x04, 0x0B, 0x13, 0x31, 0x28,
  0x63, 0x29, 0x20, 0x32, 0x30, 0x30, 0x36, 0x20, 0x56, 0x65, 0x72, 0x69, 0x53, 0x69, 0x67, 0x6E,
  0x2C, 0x20, 0x49, 0x6E, 0x63, 0x2E, 0x20, 0x2D, 0x20, 0x46, 0x6F, 0x72, 0x20, 0x61, 0x75, 0x74,
  0x68, 0x6F, 0x72, 0x69, 0x7A, 0x65, 0x64, 0x20, 0x75, 0x73, 0x65, 0x20, 0x6F, 0x6E, 0x6C, 0x79,
  0x31, 0x45, 0x30, 0x43, 0x06, 0x03, 0x55, 0x04, 0x03, 0x13, 0x3C, 0x56, 0x65, 0x72, 0x69, 0x53,
  0x69, 0x67, 0x6E, 0x20, 0x43, 0x6C, 0x61, 0x73, 0x73, 0x20, 0x33, 0x20, 0x50, 0x75, 0x62, 0x6C,
  0x69, 0x63, 0x20, 0x50, 0x72, 0x69, 0x6D, 0x61, 0x72, 0x79, 0x20, 0x43, 0x65, 0x72, 0x74, 0x69,
  0x66, 0x69, 0x63, 0x61, 0x74, 0x69, 0x6F, 0x6E, 0x20, 0x41, 0x75, 0x74, 0x68, 0x6F, 0x72, 0x69,
  0x74, 0x79, 0x20, 0x2D, 0x20, 0x47, 0x35, 0x30, 0x1E, 0x17, 0x0D, 0x31, 0x30, 0x30, 0x32, 0x30,
  0x38, 0x30, 0x30, 0x30, 0x30, 0x30, 0x30, 0x5A, 0x17, 0x0D, 0x32, 0x30, 0x30, 0x32, 0x30, 0x37,
  0x32, 0x33, 0x35, 0x39, 0x35, 0x39, 0x5A, 0x30, 0x81, 0xB4, 0x31, 0x0B, 0x30, 0x09, 0x06, 0x03,
  0x55, 0x04, 0x06, 0x13, 0x02, 0x55, 0x53, 0x31, 0x17, 0x30, 0x15, 0x06, 0x03, 0x55, 0x04, 0x0A,
  0x13, 0x0E, 0x56, 0x65, 0x72, 0x69, 0x53, 0x69, 0x67, 0x6E, 0x2C, 0x20, 0x49, 0x6E, 0x63, 0x2E,
  0x31, 0x1F, 0x30, 0x1D, 0x06, 0x03, 0x55, 0x04, 0x0B, 0x13, 0x16, 0x56, 0x65, 0x72, 0x69, 0x53,
  0x69, 0x67, 0x6E, 0x20, 0x54, 0x72, 0x75, 0x73, 0x74, 0x20, 0x4E, 0x65, 0x74, 0x77, 0x6F, 0x72,
  0x6B, 0x31, 0x3B, 0x30, 0x39, 0x06, 0x03, 0x55, 0x04, 0x0B, 0x13, 0x32, 0x54, 0x65, 0x72, 0x6D,
  0x73, 0x20, 0x6F, 0x66, 0x20, 0x75, 0x73, 0x65, 0x20, 0x61, 0x74, 0x20, 0x68, 0x74, 0x74, 0x70,
  0x73, 0x3A, 0x2F, 0x2F, 0x77, 0x77, 0x77, 0x2E, 0x76, 0x65, 0x72, 0x69, 0x73, 0x69, 0x67, 0x6E,
  0x2E, 0x63, 0x6F, 0x6D, 0x2F, 0x72, 0x70, 0x61, 0x20, 0x28, 0x63, 0x29, 0x31, 0x30, 0x31, 0x2E,
  0x30, 0x2C, 0x06, 0x03, 0x55, 0x04, 0x03, 0x13, 0x25, 0x56, 0x65, 0x72, 0x69, 0x53, 0x69, 0x67,
  0x6E, 0x20, 0x43, 0x6C, 0x61, 0x73, 0x73, 0x20, 0x33, 0x20, 0x43, 0x6F, 0x64, 0x65, 0x20, 0x53,
  0x69, 0x67, 0x6E, 0x69, 0x6E, 0x67, 0x20, 0x32, 0x30, 0x31, 0x30, 0x20, 0x43, 0x41, 0x30, 0x82,
  0x01, 0x22, 0x30, 0x0D, 0x06, 0x09, 0x2A, 0x86, 0x48, 0x86, 0xF7, 0x0D, 0x01, 0x01, 0x01, 0x05,
  0x00, 0x03, 0x82, 0x01, 0x0F, 0x00, 0x30, 0x82, 0x01, 0x0A, 0x02, 0x82, 0x01, 0x01, 0x00, 0xF5,
  0x23, 0x4B, 0x5E, 0xA5, 0xD7, 0x8A, 0xBB, 0x32, 0xE9, 0xD4, 0x57, 0xF7, 0xEF, 0xE4, 0xC7, 0x26,
  0x7E, 0xAD, 0x19, 0x98, 0xFE, 0xA8, 0x9D, 0x7D, 0x94, 0xF6, 0x36, 0x6B, 0x10, 0xD7, 0x75, 0x81,
  0x30, 0x7F, 0x04, 0x68, 0x7F, 0xCB, 0x2B, 0x75, 0x1E, 0xCD, 0x1D, 0x08, 0x8C, 0xDF, 0x69, 0x94,
  0xA7, 0x37, 0xA3, 0x9C, 0x7B, 0x80, 0xE0, 0x99, 0xE1, 0xEE, 0x37, 0x4D, 0x5F, 0xCE, 0x3B, 0x14,
  0xEE, 0x86, 0xD4, 0xD0, 0xF5, 0x27, 0x35, 0xBC, 0x25, 0x0B, 0x38, 0xA7, 0x8C, 0x63, 0x9D, 0x17,
  0xA3, 0x08, 0xA5, 0xAB, 0xB0, 0xFB, 0xCD, 0x6A, 0x62, 0x82, 0x4C, 0xD5, 0x21, 0xDA, 0x1B, 0xD9,
  0xF1, 0xE3, 0x84, 0x3B, 0x8A, 0x2A, 0x4F, 0x85, 0x5B, 0x90, 0x01, 0x4F, 0xC9, 0xA7, 0x76, 0x10,
  0x7F, 0x27, 0x03, 0x7C, 0xBE, 0xAE, 0x7E, 0x7D, 0xC1, 0xDD, 0xF9, 0x05, 0xBC, 0x1B, 0x48, 0x9C,
  0x69, 0xE7, 0xC0, 0xA4, 0x3C, 0x3C, 0x41, 0x00, 0x3E, 0xDF, 0x96, 0xE5, 0xC5, 0xE4, 0x94, 0x71,
  0xD6, 0x55, 0x01, 0xC7, 0x00, 0x26, 0x4A, 0x40, 0x3C, 0xB5, 0xA1, 0x26, 0xA9, 0x0C, 0xA7, 0x6D,
  0x80, 0x8E, 0x90, 0x25, 0x7B, 0xCF, 0xBF, 0x3F, 0x1C, 0xEB, 0x2F, 0x96, 0xFA, 0xE5, 0x87, 0x77,
  0xC6, 0xB5, 0x56, 0xB2, 0x7A, 0x3B, 0x54, 0x30, 0x53, 0x1B, 0xDF, 0x62, 0x34, 0xFF, 0x1E, 0xD1,
  0xF4, 0x5A, 0x93, 0x28, 0x85, 0xE5, 0x4C, 0x17, 0x4E, 0x7E, 0x5B, 0xFD, 0xA4, 0x93, 0x99, 0x7F,
  0xDF, 0xCD, 0xEF, 0xA4, 0x75, 0xEF, 0xEF, 0x15, 0xF6, 0x47, 0xE7, 0xF8, 0x19, 0x72, 0xD8, 0x2E,
  0x34, 0x1A, 0xA6, 0xB4, 0xA7, 0x4C, 0x7E, 0xBD, 0xBB, 0x4F, 0x0C, 0x3D, 0x57, 0xF1, 0x30, 0xD6,
  0xA6, 0x36, 0x8E, 0xD6, 0x80, 0x76, 0xD7, 0x19, 0x2E, 0xA5, 0xCD, 0x7E, 0x34, 0x2D, 0x89, 0x02,
  0x03, 0x01, 0x00, 0x01, 0xA3, 0x82, 0x01, 0xFE, 0x30, 0x82, 0x01, 0xFA, 0x30, 0x12, 0x06, 0x03,
  0x55, 0x1D, 0x13, 0x01, 0x01, 0xFF, 0x04, 0x08, 0x30, 0x06, 0x01, 0x01, 0xFF, 0x02, 0x01, 0x00,
  0x30, 0x70, 0x06, 0x03, 0x55, 0x1D, 0x20, 0x04, 0x69, 0x30, 0x67, 0x30, 0x65, 0x06, 0x0B, 0x60,
  0x86, 0x48, 0x01, 0x86, 0xF8, 0x45, 0x01, 0x07, 0x17, 0x03, 0x30, 0x56, 0x30, 0x28, 0x06, 0x08,
  0x2B, 0x06, 0x01, 0x05, 0x05, 0x07, 0x02, 0x01, 0x16, 0x1C, 0x68, 0x74, 0x74, 0x70, 0x73, 0x3A,
  0x2F, 0x2F, 0x77, 0x77, 0x77, 0x2E, 0x76, 0x65, 0x72, 0x69, 0x73, 0x69, 0x67, 0x6E, 0x2E, 0x63,
  0x6F, 0x6D, 0x2F, 0x63, 0x70, 0x73, 0x30, 0x2A, 0x06, 0x08, 0x2B, 0x06, 0x01, 0x05, 0x05, 0x07,
  0x02, 0x02, 0x30, 0x1E, 0x1A, 0x1C, 0x68, 0x74, 0x74, 0x70, 0x73, 0x3A, 0x2F, 0x2F, 0x77, 0x77,
  0x77, 0x2E, 0x76, 0x65, 0x72, 0x69, 0x73, 0x69, 0x67, 0x6E, 0x2E, 0x63, 0x6F, 0x6D, 0x2F, 0x72,
  0x70, 0x61, 0x30, 0x0E, 0x06, 0x03, 0x55, 0x1D, 0x0F, 0x01, 0x01, 0xFF, 0x04, 0x04, 0x03, 0x02,
  0x01, 0x06, 0x30, 0x6D, 0x06, 0x08, 0x2B, 0x06, 0x01, 0x05, 0x05, 0x07, 0x01, 0x0C, 0x04, 0x61,
  0x30, 0x5F, 0xA1, 0x5D, 0xA0, 0x5B, 0x30, 0x59, 0x30, 0x57, 0x30, 0x55, 0x16, 0x09, 0x69, 0x6D,
  0x61, 0x67, 0x65, 0x2F, 0x67, 0x69, 0x66, 0x30, 0x21, 0x30, 0x1F, 0x30, 0x07, 0x06, 0x05, 0x2B,
  0x0E, 0x03, 0x02, 0x1A, 0x04, 0x14, 0x8F, 0xE5, 0xD3, 0x1A, 0x86, 0xAC, 0x8D, 0x8E, 0x6B, 0xC3,
  0xCF, 0x80, 0x6A, 0xD4, 0x48, 0x18, 0x2C, 0x7B, 0x19, 0x2E, 0x30, 0x25, 0x16, 0x23, 0x68, 0x74,
  0x74, 0x70, 0x3A, 0x2F, 0x2F, 0x6C, 0x6F, 0x67, 0x6F, 0x2E, 0x76, 0x65, 0x72, 0x69, 0x73, 0x69,
  0x67, 0x6E, 0x2E, 0x63, 0x6F, 0x6D, 0x2F, 0x76, 0x73, 0x6C, 0x6F, 0x67, 0x6F, 0x2E, 0x67, 0x69,
  0x66, 0x30, 0x34, 0x06, 0x03, 0x55, 0x1D, 0x1F, 0x04, 0x2D, 0x30, 0x2B, 0x30, 0x29, 0xA0, 0x27,
  0xA0, 0x25, 0x86, 0x23, 0x68, 0x74, 0x74, 0x70, 0x3A, 0x2F, 0x2F, 0x63, 0x72, 0x6C, 0x2E, 0x76,
  0x65, 0x72, 0x69, 0x73, 0x69, 0x67, 0x6E, 0x2E, 0x63, 0x6F, 0x6D, 0x2F, 0x70, 0x63, 0x61, 0x33,
  0x2D, 0x67, 0x35, 0x2E, 0x63, 0x72, 0x6C, 0x30, 0x34, 0x06, 0x08, 0x2B, 0x06, 0x01, 0x05, 0x05,
  0x07, 0x01, 0x01, 0x04, 0x28, 0x30, 0x26, 0x30, 0x24, 0x06, 0x08, 0x2B, 0x06, 0x01, 0x05, 0x05,
  0x07, 0x30, 0x01, 0x86, 0x18, 0x68, 0x74, 0x74, 0x70, 0x3A, 0x2F, 0x2F, 0x6F, 0x63, 0x73, 0x70,
  0x2E, 0x76, 0x65, 0x72, 0x69, 0x73, 0x69, 0x67, 0x6E, 0x2E, 0x63, 0x6F, 0x6D, 0x30, 0x1D, 0x06,
  0x03, 0x55, 0x1D, 0x25, 0x04, 0x16, 0x30, 0x14, 0x06, 0x08, 0x2B, 0x06, 0x01, 0x05, 0x05, 0x07,
  0x03, 0x02, 0x06, 0x08, 0x2B, 0x06, 0x01, 0x05, 0x05, 0x07, 0x03, 0x03, 0x30, 0x28, 0x06, 0x03,
  0x55, 0x1D, 0x11, 0x04, 0x21, 0x30, 0x1F, 0xA4, 0x1D, 0x30, 0x1B, 0x31, 0x19, 0x30, 0x17, 0x06,
  0x03, 0x55, 0x04, 0x03, 0x13, 0x10, 0x56, 0x65, 0x72, 0x69, 0x53, 0x69, 0x67, 0x6E, 0x4D, 0x50,
  0x4B, 0x49, 0x2D, 0x32, 0x2D, 0x38, 0x30, 0x1D, 0x06, 0x03, 0x55, 0x1D, 0x0E, 0x04, 0x16, 0x04,
  0x14, 0xCF, 0x99, 0xA9, 0xEA, 0x7B, 0x26, 0xF4, 0x4B, 0xC9, 0x8E, 0x8F, 0xD7, 0xF0, 0x05, 0x26,
  0xEF, 0xE3, 0xD2, 0xA7, 0x9D, 0x30, 0x1F, 0x06, 0x03, 0x55, 0x1D, 0x23, 0x04, 0x18, 0x30, 0x16,
  0x80, 0x14, 0x7F, 0xD3, 0x65, 0xA7, 0xC2, 0xDD, 0xEC, 0xBB, 0xF0, 0x30, 0x09, 0xF3, 0x43, 0x39,
  0xFA, 0x02, 0xAF, 0x33, 0x31, 0x33, 0x30, 0x0D, 0x06, 0x09, 0x2A, 0x86, 0x48, 0x86, 0xF7, 0x0D,
  0x01, 0x01, 0x05, 0x05, 0x00, 0x03, 0x82, 0x01, 0x01, 0x00, 0x56, 0x22, 0xE6, 0x34, 0xA4, 0xC4,
  0x61, 0xCB, 0x48, 0xB9, 0x01, 0xAD, 0x56, 0xA8, 0x64, 0x0F, 0xD9, 0x8C, 0x91, 0xC4, 0xBB, 0xCC,
  0x0C, 0xE5, 0xAD, 0x7A, 0xA0, 0x22, 0x7F, 0xDF, 0x47, 0x38, 0x4A, 0x2D, 0x6C, 0xD1, 0x7F, 0x71,
  0x1A, 0x7C, 0xEC, 0x70, 0xA9, 0xB1, 0xF0, 0x4F, 0xE4, 0x0F, 0x0C, 0x53, 0xFA, 0x15, 0x5E, 0xFE,
  0x74, 0x98, 0x49, 0x24, 0x85, 0x81, 0x26, 0x1C, 0x91, 0x14, 0x47, 0xB0, 0x4C, 0x63, 0x8C, 0xBB,
  0xA1, 0x34, 0xD4, 0xC6, 0x45, 0xE8, 0x0D, 0x85, 0x26, 0x73, 0x03, 0xD0, 0xA9, 0x8C, 0x64, 0x6D,
  0xDC, 0x71, 0x92, 0xE6, 0x45, 0x05, 0x60, 0x15, 0x59, 0x51, 0x39, 0xFC, 0x58, 0x14, 0x6B, 0xFE,
  0xD4, 0xA4, 0xED, 0x79, 0x6B, 0x08, 0x0C, 0x41, 0x72, 0xE7, 0x37, 0x22, 0x06, 0x09, 0xBE, 0x23,
  0xE9, 0x3F, 0x44, 0x9A, 0x1E, 0xE9, 0x61, 0x9D, 0xCC, 0xB1, 0x90, 0x5C, 0xFC, 0x3D, 0xD2, 0x8D,
  0xAC, 0x42, 0x3D, 0x65, 0x36, 0xD4, 0xB4, 0x3D, 0x40, 0x28, 0x8F, 0x9B, 0x10, 0xCF, 0x23, 0x26,
  0xCC, 0x4B, 0x20, 0xCB, 0x90, 0x1F, 0x5D, 0x8C, 0x4C, 0x34, 0xCA, 0x3C, 0xD8, 0xE5, 0x37, 0xD6,
  0x6F, 0xA5, 0x20, 0xBD, 0x34, 0xEB, 0x26, 0xD9, 0xAE, 0x0D, 0xE7, 0xC5, 0x9A, 0xF7, 0xA1, 0xB4,
  0x21, 0x91, 0x33, 0x6F, 0x86, 0xE8, 0x58, 0xBB, 0x25, 0x7C, 0x74, 0x0E, 0x58, 0xFE, 0x75, 0x1B,
  0x63, 0x3F, 0xCE, 0x31, 0x7C, 0x9B, 0x8F, 0x1B, 0x96, 0x9E, 0xC5, 0x53, 0x76, 0x84, 0x5B, 0x9C,
  0xAD, 0x91, 0xFA, 0xAC, 0xED, 0x93, 0xBA, 0x5D, 0xC8, 0x21, 0x53, 0xC2, 0x82, 0x53, 0x63, 0xAF,
  0x12, 0x0D, 0x50, 0x87, 0x11, 0x1B, 0x3D, 0x54, 0x52, 0x96, 0x8A, 0x2C, 0x9C, 0x3D, 0x92, 0x1A,
  0x08, 0x9A, 0x05, 0x2E, 0xC7, 0x93, 0xA5, 0x48, 0x91, 0xD3, 0x31, 0x82, 0x02, 0x63, 0x30, 0x82,
  0x02, 0x5F, 0x02, 0x01, 0x01, 0x30, 0x81, 0xC9, 0x30, 0x81, 0xB4, 0x31, 0x0B, 0x30, 0x09, 0x06,
  0x03, 0x55, 0x04, 0x06, 0x13, 0x02, 0x55, 0x53, 0x31, 0x17, 0x30, 0x15, 0x06, 0x03, 0x55, 0x04,
  0x0A, 0x13, 0x0E, 0x56, 0x65, 0x72, 0x69, 0x53, 0x69, 0x67, 0x6E, 0x2C, 0x20, 0x49, 0x6E, 0x63,
  0x2E, 0x31, 0x1F, 0x30, 0x1D, 0x06, 0x03, 0x55, 0x04, 0x0B, 0x13, 0x16, 0x56, 0x65, 0x72, 0x69,
  0x53, 0x69, 0x67, 0x6E, 0x20, 0x54, 0x72, 0x75, 0x73, 0x74, 0x20, 0x4E, 0x65, 0x74, 0x77, 0x6F,
  0x72, 0x6B, 0x31, 0x3B, 0x30, 0x39, 0x06, 0x03, 0x55, 0x04, 0x0B, 0x13, 0x32, 0x54, 0x65, 0x72,
  0x6D, 0x73, 0x20, 0x6F, 0x66, 0x20, 0x75, 0x73, 0x65, 0x20, 0x61, 0x74, 0x20, 0x68, 0x74, 0x74,
  0x70, 0x73, 0x3A, 0x2F, 0x2F, 0x77, 0x77, 0x77, 0x2E, 0x76, 0x65, 0x72, 0x69, 0x73, 0x69, 0x67,
  0x6E, 0x2E, 0x63, 0x6F, 0x6D, 0x2F, 0x72, 0x70, 0x61, 0x20, 0x28, 0x63, 0x29, 0x31, 0x30, 0x31,
  0x2E, 0x30, 0x2C, 0x06, 0x03, 0x55, 0x04, 0x03, 0x13, 0x25, 0x56, 0x65, 0x72, 0x69, 0x53, 0x69,
  0x67, 0x6E, 0x20, 0x43, 0x6C, 0x61, 0x73, 0x73, 0x20, 0x33, 0x20, 0x43, 0x6F, 0x64, 0x65, 0x20,
  0x53, 0x69, 0x67, 0x6E, 0x69, 0x6E, 0x67, 0x20, 0x32, 0x30, 0x31, 0x30, 0x20, 0x43, 0x41, 0x02,
  0x10, 0x39, 0x7E, 0xAB, 0xD0, 0xA3, 0xFC, 0xCD, 0x49, 0x21, 0x84, 0xEF, 0x60, 0xAB, 0x31, 0xC8,
  0xB8, 0x30, 0x09, 0x06, 0x05, 0x2B, 0x0E, 0x03, 0x02, 0x1A, 0x05, 0x00, 0xA0, 0x70, 0x30, 0x10,
  0x06, 0x0A, 0x2B, 0x06, 0x01, 0x04, 0x01, 0x82, 0x37, 0x02, 0x01, 0x0C, 0x31, 0x02, 0x30, 0x00,
  0x30, 0x19, 0x06, 0x09, 0x2A, 0x86, 0x48, 0x86, 0xF7, 0x0D, 0x01, 0x09, 0x03, 0x31, 0x0C, 0x06,
  0x0A, 0x2B, 0x06, 0x01, 0x04, 0x01, 0x82, 0x37, 0x02, 0x01, 0x04, 0x30, 0x1C, 0x06, 0x0A, 0x2B,
  0x06, 0x01, 0x04, 0x01, 0x82, 0x37, 0x02, 0x01, 0x0B, 0x31, 0x0E, 0x30, 0x0C, 0x06, 0x0A, 0x2B,
  0x06, 0x01, 0x04, 0x01, 0x82, 0x37, 0x02, 0x01, 0x15, 0x30, 0x23, 0x06, 0x09, 0x2A, 0x86, 0x48,
  0x86, 0xF7, 0x0D, 0x01, 0x09, 0x04, 0x31, 0x16, 0x04, 0x14, 0xE4, 0x5E, 0x9C, 0x3B, 0xD4, 0x9D,
  0xF6, 0xA6, 0xF4, 0x97, 0x96, 0x1D, 0x2E, 0x75, 0x81, 0x89, 0xAC, 0x81, 0xF8, 0xE0, 0x30, 0x0D,
  0x06, 0x09, 0x2A, 0x86, 0x48, 0x86, 0xF7, 0x0D, 0x01, 0x01, 0x01, 0x05, 0x00, 0x04, 0x82, 0x01,
  0x00, 0x5A, 0x43, 0x01, 0x3F, 0xB7, 0x9F, 0x3F, 0xAD, 0xA6, 0x49, 0x53, 0xF4, 0x60, 0xEF, 0xE1,
  0x63, 0xA6, 0x44, 0x06, 0xBB, 0x8C, 0x58, 0x8D, 0x05, 0x1B, 0x14, 0x3A, 0x20, 0x92, 0x57, 0x5C,
  0x73, 0x49, 0xF4, 0x8F, 0x5C, 0xBB, 0x09, 0xF7, 0x10, 0x23, 0x34, 0xA2, 0x65, 0x77, 0xBC, 0x12,
  0x8E, 0x8B, 0xCC, 0x0E, 0x94, 0x72, 0xA6, 0x6A, 0x27, 0xB0, 0xFF, 0x47, 0xA4, 0xDD, 0xE7, 0x87,
  0x68, 0x54, 0x79, 0x8C, 0x16, 0xB8, 0xAA, 0xD9, 0x54, 0x0A, 0x66, 0xC1, 0x77, 0xFE, 0x0A, 0x83,
  0xAD, 0xDA, 0x2D, 0x42, 0xDE, 0x6E, 0xF8, 0x3B, 0xDC, 0x39, 0xA8, 0x8B, 0xF0, 0x9B, 0xAC, 0x35,
  0x65, 0x95, 0xFA, 0xF6, 0x73, 0xA5, 0x3F, 0x47, 0xEB, 0xB6, 0x5F, 0xD8, 0xF8, 0x00, 0x50, 0x17,
  0xD7, 0xD9, 0xAD, 0xB9, 0xF7, 0xD7, 0xC3, 0x66, 0xAF, 0x3F, 0xFB, 0x49, 0xB9, 0xDF, 0x9A, 0xB3,
  0x00, 0x80, 0x08, 0x70, 0x8E, 0xD9, 0xC5, 0x18, 0x4E, 0xF7, 0x70, 0xE6, 0xB6, 0xC6, 0x05, 0xFE,
  0xA0, 0x0F, 0x65, 0x59, 0xB8, 0xCD, 0x97, 0x90, 0x47, 0xBF, 0xB8, 0x28, 0x78, 0x65, 0x12, 0x7B,
  0xB1, 0x79, 0x8A, 0xF5, 0x33, 0x2E, 0x24, 0xFB, 0x16, 0x9D, 0x84, 0x90, 0x2B, 0x2A, 0x98, 0x1D,
  0xB9, 0xA1, 0x15, 0x0E, 0xB4, 0x12, 0x74, 0x41, 0xE2, 0x2B, 0x5B, 0x62, 0x01, 0x08, 0x75, 0xCE,
  0x94, 0xD6, 0x4F, 0x47, 0xF5, 0xDB, 0xEA, 0x1D, 0x38, 0x4C, 0x55, 0x03, 0x1A, 0x11, 0x3E, 0x7E,
  0x17, 0x45, 0x7F, 0x78, 0xE1, 0xD3, 0x91, 0xAA, 0x97, 0x74, 0x57, 0xED, 0xFA, 0x1F, 0x9C, 0xB5,
  0xB0, 0xFC, 0x79, 0xA4, 0xF5, 0xCD, 0xA1, 0xED, 0xD5, 0x4F, 0x2A, 0x4B, 0x70, 0x37, 0xA9, 0xCE,
  0xB9, 0x2C, 0x4D, 0x03, 0x6A, 0x30, 0xDA, 0x83, 0xD7, 0x1A, 0xED, 0x44, 0x0F, 0xD9, 0x86, 0xE0,
  0x9A, 0x00, 0x00, 0x00, 0x00, 0x00, 0x00, 0x00,
};
static const size_t tbt_driver_bytes_size = sizeof(tbt_driver_bytes);

// 1 bytes, generated by util/buildscripts/scripts/gen_driver_resource.py
static const unsigned char injector_driver_bytes[] = {
  0x00,
};
static const size_t injector_driver_bytes_size = sizeof(injector_driver_bytes);

